order_id,date,time,order_type,order_items,order_price,customer_lat,customer_lon,customerHasloyalty?,distance_to_customer_KM,delivery_fee,weekend,time_of_day,branch_code_BK,branch_code_NS,branch_code_TP,predicted_delivery_fee,residuals
ORDI03637,2018-08-29,15:56:37,Lunch,"[('Fries', 1), ('Burger', 10), ('Steak', 1), ('Chicken', 6)]",559.0,-37.8106377,144.9598277,0,7.787,13.102984,False,1,False,True,False,13.327169999748929,-0.22418599974892928
ORDC05636,2018-04-19,11:32:57,Breakfast,"[('Pancake', 5), ('Coffee', 1), ('Cereal', 3), ('Eggs', 3)]",257.75,-37.8135784,144.9740498,0,7.694,12.8217714,False,0,False,True,False,12.471007008955937,0.35076439104406276
ORDZ01187,2018-05-24,12:43:56,Lunch,"[('Chicken', 7), ('Fries', 4), ('Burger', 3), ('Steak', 10)]",815.0,-37.8121346,144.9414663,0,9.468,14.8352649,False,1,False,True,False,14.908419520595409,-0.07315462059540856
ORDZ07620,2018-08-22,15:46:28,Lunch,"[('Steak', 4), ('Burger', 9), ('Fries', 6)]",531.0,-37.8023321,144.9868182,0,7.634,13.2539478,False,1,False,True,False,13.18324901421085,0.07069878578915123
ORDA01174,2018-04-26,11:43:05,Breakfast,"[('Cereal', 6), ('Coffee', 3), ('Eggs', 7)]",302.5,-37.8187378,144.9670613,0,7.609,12.0932057,False,0,True,False,False,12.86357981916821,-0.7703741191682099
ORDI05118,2018-11-11,18:28:43,Dinner,"[('Pasta', 10), ('Salmon', 4), ('Shrimp', 3)]",601.0,-37.8031229,144.9616008,0,7.165,15.2229123,True,2,False,True,False,15.57965996586025,-0.3567476658602491
ORDX10123,2018-12-31,20:00:00,Dinner,"[('Salmon', 7), ('Pasta', 4)]",397.0,-37.8210293,144.9696248,0,7.816,15.2403359,False,2,True,False,False,14.595659661514322,0.6446762384856779
ORDZ07241,2018-01-29,08:50:42,Breakfast,"[('Pancake', 9), ('Eggs', 7)]",372.25,-37.8239546,144.9374274,0,10.82,15.456837,False,0,False,True,False,15.411510282106503,0.04532671789349685
ORDK04388,2018-12-20,19:39:43,Dinner,"[('Fish&Chips', 9), ('Salmon', 9)]",684.0,-37.8206578,144.9559141,0,8.514,15.1260214,False,2,True,False,False,15.252240366779546,-0.12621896677954503
ORDA07860,2018-07-21,14:35:29,Lunch,"[('Fries', 1), ('Chicken', 7)]",236.0,-37.8219099,145.0114199,0,4.71,13.1222225,True,1,True,False,False,12.974186882859877,0.14803561714012226
ORDB03549,2018-03-20,10:32:06,Breakfast,"[('Pancake', 7), ('Cereal', 9)]",358.75,-37.8092899,144.960402,0,8.663,11.4612163,False,0,False,False,True,11.077549742336673,0.3836665576633269
ORDI01081,2018-07-26,14:45:38,Lunch,"[('Burger', 3), ('Chicken', 8), ('Fries', 4)]",397.0,-37.802198,144.9604986,0,7.176,12.4994236,False,1,False,True,False,12.752426717632806,-0.25300311763280625
ORDK10791,2018-04-24,11:43:05,Breakfast,"[('Eggs', 5), ('Cereal', 8), ('Pancake', 4)]",375.0,-37.8192399,144.9529087,0,8.847,13.6459738,False,0,True,False,False,14.0281169439796,-0.38214314397959903
ORDY03372,2018-02-10,09:10:59,Breakfast,"[('Pancake', 7), ('Cereal', 8), ('Coffee', 8), ('Eggs', 3)]",463.75,-37.8243276,144.9731099,0,8.343,12.9214665,True,0,False,False,True,12.845437431952659,0.07602906804734033
ORDJ08238,2018-03-18,10:21:58,Breakfast,"[('Coffee', 4), ('Eggs', 9), ('Cereal', 3)]",291.0,-37.8074151,144.9422849,0,10.137,14.0054307,True,0,False,False,True,14.532981536889357,-0.5275508368893576
ORDZ04243,2018-05-16,12:23:39,Lunch,"[('Fries', 9), ('Burger', 8), ('Salad', 3)]",407.6,-37.8085305,144.9717364,0,7.33,13.0163804,False,1,False,True,False,12.897288363207084,0.11909203679291558
ORDC01648,2018-08-15,15:26:11,Lunch,"[('Salad', 9), ('Fries', 4)]",202.8,-37.8083939,144.9757389,0,7.329,13.0331106,False,1,False,True,False,12.896347703170886,0.13676289682911502
ORDC05340,2018-04-05,11:02:32,Breakfast,"[('Eggs', 9), ('Coffee', 3), ('Cereal', 1)]",241.5,-37.8028084,145.0041919,0,9.44,14.4651359,False,0,False,True,False,14.113399432155196,0.3517364678448036
ORDZ05478,2018-05-25,12:43:56,Lunch,"[('Steak', 10), ('Salad', 4)]",518.8,-37.8250195,144.9570327,0,9.704,15.6986339,False,1,False,True,False,15.130415289137806,0.5682186108621945
ORDA04828,2018-08-09,15:16:03,Lunch,"[('Steak', 8), ('Salad', 1), ('Chicken', 3), ('Fries', 10)]",593.2,-37.807269,144.9391734,0,10.101,16.0292602,False,1,True,False,False,15.976386236796841,0.05287396320315807
ORDK09837,2018-02-09,09:10:59,Breakfast,"[('Pancake', 4), ('Cereal', 3), ('Coffee', 6), ('Eggs', 9)]",403.0,-37.799308,144.9592414,0,8.43,13.1225789,False,0,True,False,False,13.635861708885617,-0.5132828088856165
ORDX06004,2018-07-31,14:55:46,Lunch,"[('Salad', 5), ('Chicken', 10), ('Steak', 1), ('Fries', 5), ('Burger', 10)]",821.0,-37.8120786,144.9739337,0,6.757,12.4843023,False,1,True,False,False,12.830819075755416,-0.3465167757554166
ORDZ04271,2018-01-21,08:40:33,Breakfast,"[('Coffee', 6), ('Pancake', 6), ('Eggs', 4), ('Cereal', 8)]",446.5,-37.8036834,144.9649862,0,6.845,13.607821,True,0,False,True,False,13.741285539423924,-0.13346453942392422
ORDB07287,2018-11-18,18:38:52,Dinner,"[('Shrimp', 5), ('Fish&Chips', 2), ('Pasta', 6), ('Salmon', 4)]",669.0,-37.8108106,145.0029727,0,11.278,16.2743259,True,2,False,False,True,17.14363785304309,-0.8693119530430877
ORDJ05215,2018-11-20,18:38:52,Dinner,"[('Shrimp', 1), ('Fish&Chips', 7), ('Salmon', 1)]",340.0,-37.8009521,144.9700611,0,9.907,13.6935546,False,2,False,False,True,13.785094042218654,-0.09153944221865373
ORDY09709,2018-05-19,12:33:48,Lunch,"[('Chicken', 6), ('Fries', 10), ('Burger', 1)]",343.0,-37.8026418,144.9938728,0,11.179,16.3562457,True,1,False,False,True,16.281830902032915,0.0744147979670835
ORDJ08866,2018-06-04,13:04:13,Lunch,"[('Fries', 7), ('Chicken', 6), ('Burger', 8)]",524.0,-37.8201589,144.9714911,0,7.863,10.9659449,False,1,False,False,True,11.093703320806103,-0.1277584208061029
ORDX02787,2018-05-09,12:13:31,Lunch,"[('Salad', 9), ('Steak', 6), ('Burger', 4), ('Chicken', 6)]",740.8,-37.8021489,144.9892151,0,5.833,12.2094809,False,1,True,False,False,11.961649202309761,0.2478316976902395
ORDI01525,2018-05-25,12:43:56,Lunch,"[('Fries', 9), ('Steak', 4), ('Salad', 5), ('Chicken', 8), ('Burger', 7)]",847.0,-37.8041569,144.9939808,0,8.529,13.9749929,False,1,False,True,False,14.025139746606804,-0.05014684660680402
ORDC05400,2018-06-04,13:04:13,Lunch,"[('Chicken', 5), ('Burger', 7), ('Steak', 3)]",512.0,-37.8175397,144.9667006,0,8.369,13.8245001,False,1,False,True,False,13.874634140815349,-0.05013404081534922
ORDX08364,2018-08-28,15:56:37,Lunch,"[('Salad', 10), ('Steak', 2)]",262.0,-37.8061375,144.9572052,0,7.954,13.9949227,False,1,True,False,False,13.956789139082746,0.03813356091725417
ORDK01355,2018-09-09,16:16:54,Dinner,"[('Salmon', 10), ('Fish&Chips', 3), ('Shrimp', 9)]",1001.0,-37.8181824,145.0039911,0,4.453,13.4106051,True,2,True,False,False,13.50111886098406,-0.09051376098406116
ORDY08919,2018-03-18,10:32:06,Breakfast,"[('Pancake', 7), ('Cereal', 6), ('Coffee', 2)]",310.75,-37.8150314,144.9528897,0,8.785,13.009631,True,0,False,False,True,13.261209167951554,-0.2515781679515534
ORDI07104,2018-04-13,11:22:49,Breakfast,"[('Coffee', 4), ('Eggs', 2), ('Cereal', 4), ('Pancake', 3)]",230.75,-37.808919,144.9728584,0,7.198,12.1342926,False,0,False,True,False,12.004439631002425,0.12985296899757515
ORDY04084,2018-10-18,17:38:01,Dinner,"[('Shrimp', 1), ('Pasta', 6), ('Fish&Chips', 6)]",429.0,-37.8044416,144.9508031,0,9.758,13.3974138,False,2,False,False,True,13.644935696825362,-0.2475218968253614
ORDJ05004,2018-02-16,09:31:16,Breakfast,"[('Coffee', 5), ('Pancake', 7)]",207.25,-37.8005422,144.9459658,0,10.463,12.1013751,False,0,False,False,True,12.770737807490548,-0.6693627074905475
ORDJ01301,2018-07-03,14:05:04,Lunch,"[('Chicken', 1), ('Burger', 3), ('Steak', 9)]",530.0,-37.8095522,144.9645624,0,8.664,11.9002844,False,1,False,False,True,11.847172009799577,0.053112390200423576
ORDY01628,2018-02-05,09:00:50,Breakfast,"[('Coffee', 1), ('Eggs', 2), ('Pancake', 3)]",124.25,-37.8197592,145.0108659,0,11.56,13.3013701,False,0,False,False,True,13.802641867198217,-0.501271767198217
ORDA03337,2018-03-11,10:11:49,Breakfast,"[('Pancake', 1), ('Eggs', 9)]",222.25,-37.8032288,144.9633602,0,7.719,14.6937965,True,0,True,False,False,15.035951324348735,-0.3421548243487358
ORDZ04713,2018-01-20,08:30:25,Breakfast,"[('Cereal', 3), ('Eggs', 3)]",129.0,-37.804112,144.9739368,0,6.671,13.1677389,True,0,False,True,False,13.577610693125715,-0.4098717931257152
ORDX09128,2018-09-20,16:37:10,Dinner,"[('Shrimp', 7), ('Fish&Chips', 7), ('Salmon', 1), ('Pasta', 5)]",801.5,-37.8238776,145.0137335,0,4.849,11.2685508,False,2,True,False,False,11.804721334119016,-0.5361705341190159
ORDC10450,2018-08-30,15:56:37,Lunch,"[('Steak', 6), ('Chicken', 4), ('Fries', 2)]",422.0,-37.8095471,144.9394966,0,10.348,15.8102071,False,1,False,True,False,15.736200352448416,0.07400674755158398
ORDA10537,2018-03-06,10:01:41,Breakfast,"[('Eggs', 1), ('Pancake', 7), ('Coffee', 3)]",214.25,-37.8131041,144.9517013,0,8.528,13.5198696,False,0,True,False,False,13.728046392432885,-0.20817679243288545
ORDA02879,2018-08-27,15:56:37,Lunch,"[('Steak', 4), ('Chicken', 1), ('Salad', 9), ('Burger', 7), ('Fries', 4)]",631.8,-37.8190279,144.954338,0,8.672,14.1965084,False,1,True,False,False,14.632183045071903,-0.43567464507190223
ORDC01398,2018-05-29,12:54:05,Lunch,"[('Burger', 8), ('Steak', 6), ('Chicken', 5), ('Fries', 5), ('Salad', 9)]",892.8,-37.8179635,144.9508132,0,9.221,14.5288792,False,1,False,True,False,14.67607649165485,-0.14719729165484985
ORDI04515,2018-10-26,17:48:10,Dinner,"[('Fish&Chips', 10), ('Shrimp', 1), ('Salmon', 10)]",814.0,-37.8203302,144.9656391,0,8.899,14.5966568,False,2,False,True,False,15.141865567426251,-0.5452087674262511
ORDC03871,2018-07-18,14:35:29,Lunch,"[('Fries', 10), ('Burger', 5), ('Salad', 10)]",447.0,-37.8123423,144.968408,0,7.539,12.773977,False,1,False,True,False,13.093886310772172,-0.31990931077217155
ORDZ01283,2018-11-27,18:59:09,Dinner,"[('Pasta', 8), ('Shrimp', 9)]",706.0,-37.8009647,144.9566486,0,7.451,13.4063193,False,2,False,True,False,13.77978983501358,-0.3734705350135794
ORDJ00962,2018-10-30,17:58:18,Dinner,"[('Salmon', 8), ('Pasta', 9)]",575.5,-37.8082365,144.9421811,0,10.056,13.9246462,False,2,False,False,True,13.925252387611948,-0.0006061876119485277
ORDI00742,2018-06-26,13:44:47,Lunch,"[('Chicken', 2), ('Burger', 3), ('Salad', 9), ('Steak', 10), ('Fries', 8)]",857.8,-37.8256481,144.9845656,0,9.555,14.5512931,False,1,False,True,False,14.990256943744512,-0.4389638437445118
ORDJ02994,2018-12-10,19:19:26,Dinner,"[('Pasta', 5), ('Shrimp', 6), ('Fish&Chips', 5)]",636.5,-37.808638,144.9550102,0,9.022,13.1962377,False,2,False,False,True,12.952609910184666,0.24362778981533317
ORDX05463,2018-04-24,11:43:05,Breakfast,"[('Eggs', 6), ('Cereal', 8), ('Coffee', 7)]",352.5,-37.8188348,144.953282,0,8.801,13.8745353,False,0,True,False,False,13.984846582314557,-0.11031128231455689
ORDA02132,2018-08-13,15:26:11,Lunch,"[('Steak', 5), ('Burger', 3)]",318.0,-37.8068611,144.9375695,0,10.244,16.4474143,False,1,True,False,False,16.110900621972952,0.3365136780270461
ORDC01431,2018-10-25,17:48:10,Dinner,"[('Fish&Chips', 8), ('Shrimp', 7)]",658.0,-37.8056394,144.9715276,0,6.823,12.7902452,False,2,False,True,False,13.189055332282116,-0.3988101322821169
ORDY02713,2018-08-07,15:16:03,Lunch,"[('Steak', 7), ('Salad', 2)]",349.4,-37.823017,144.9847466,0,8.947,12.5540804,False,1,False,False,True,12.113378800043213,0.44070159995678715
ORDB06699,2018-04-29,11:53:14,Breakfast,"[('Eggs', 1), ('Coffee', 5), ('Pancake', 5), ('Cereal', 5)]",285.75,-37.8045175,144.9694499,0,9.503,13.2668989,True,0,False,False,True,13.936603073940711,-0.6697041739407119
ORDJ03586,2018-09-29,16:57:27,Dinner,"[('Fish&Chips', 8), ('Salmon', 2)]",362.0,-37.8073472,144.9781648,0,9.507,15.5795568,True,2,False,False,True,15.477728928938914,0.10182787106108648
ORDZ02175,2018-01-22,08:40:33,Breakfast,"[('Cereal', 9), ('Eggs', 3)]",255.0,-37.8214251,144.9540041,0,9.518,14.3229387,False,0,False,True,False,14.186770914978533,0.13616778502146687
ORDB09754,2018-10-30,17:58:18,Dinner,"[('Salmon', 9), ('Fish&Chips', 8)]",649.0,-37.8208973,144.995053,0,10.093,13.9768593,False,2,False,False,True,13.960056808951222,0.016802491048776957
ORDB06531,2018-02-08,09:10:59,Breakfast,"[('Pancake', 5), ('Eggs', 9)]",319.25,-37.8130453,144.9856635,0,9.536,12.3196752,False,0,False,False,True,11.898745953936302,0.4209292460636984
ORDJ10397,2018-02-01,09:00:50,Breakfast,"[('Pancake', 4), ('Coffee', 9), ('Eggs', 7)]",318.5,-37.8053575,144.9271491,0,11.632,13.6841613,False,0,False,False,True,13.870369389804372,-0.18620808980437253
ORDY02533,2018-10-24,17:48:10,Dinner,"[('Shrimp', 7), ('Fish&Chips', 2), ('Pasta', 3)]",530.5,-37.8200177,144.9670299,0,7.448,12.2671635,False,2,False,False,True,11.472011013211223,0.795152486788778
ORDI09793,2018-11-15,18:28:43,Dinner,"[('Shrimp', 6), ('Fish&Chips', 5), ('Salmon', 4), ('Pasta', 7)]",855.5,-37.8212735,144.9835621,0,9.145,15.0750144,False,2,False,True,False,15.373267936330615,-0.29825353633061447
ORDX08159,2018-08-06,15:05:54,Lunch,"[('Burger', 3), ('Fries', 8), ('Salad', 7), ('Chicken', 4)]",437.4,-37.8054305,144.9296897,0,10.596,16.4114655,False,1,True,False,False,16.44201295471416,-0.030547454714159983
ORDB06396,2018-05-27,12:43:56,Lunch,"[('Burger', 9), ('Chicken', 6), ('Salad', 6)]",574.2,-37.8149226,144.9912628,0,10.053,14.6948996,True,1,False,False,True,15.22264770127555,-0.5277481012755505
ORDA02203,2018-12-27,20:00:00,Dinner,"[('Salmon', 1), ('Pasta', 2), ('Fish&Chips', 5), ('Shrimp', 1)]",325.0,-37.8194841,144.9526672,0,8.836,15.4560118,False,2,True,False,False,15.555132898434852,-0.09912109843485162
ORDC03815,2018-10-20,17:38:01,Dinner,"[('Pasta', 6), ('Salmon', 5)]",370.0,-37.8104271,144.9641489,0,7.514,15.078252,True,2,False,True,False,15.907950318492862,-0.829698318492861
ORDB00569,2018-05-07,12:03:22,Lunch,"[('Salad', 8), ('Burger', 8), ('Fries', 4), ('Chicken', 9), ('Steak', 7)]",1036.6,-37.8062244,144.9554662,0,9.32,12.1273282,False,1,False,False,True,12.464244993544545,-0.33691679354454607
ORDJ09262,2018-11-09,18:18:35,Dinner,"[('Fish&Chips', 5), ('Pasta', 8), ('Salmon', 3), ('Shrimp', 4)]",734.0,-37.8240477,144.9568801,0,8.39,12.3802905,False,2,False,False,True,12.358112767308418,0.022177732691581298
ORDX09775,2018-02-12,09:21:07,Breakfast,"[('Coffee', 1), ('Pancake', 10)]",250.0,-37.811054,144.9702495,0,6.97,11.7397914,False,0,True,False,False,12.262498056038584,-0.5227066560385847
ORDY08702,2018-12-09,19:19:26,Dinner,"[('Pasta', 2), ('Fish&Chips', 8), ('Shrimp', 10)]",875.0,-37.8199731,144.9911445,0,9.775,15.5608089,True,2,False,False,True,15.729825818639602,-0.16901691863960266
ORDX03396,2018-04-22,11:43:05,Breakfast,"[('Eggs', 9), ('Pancake', 9), ('Cereal', 6)]",542.25,-37.8187569,144.9532343,0,8.817,15.6406754,True,0,True,False,False,16.0687960440926,-0.4281206440926013
ORDJ10144,2018-08-09,15:16:03,Lunch,"[('Burger', 7), ('Chicken', 5), ('Fries', 6)]",449.0,-37.8154666,144.987904,0,9.672,12.9011236,False,1,False,False,True,12.795357326285748,0.10576627371425218
ORDX09831,2018-08-09,15:16:03,Lunch,"[('Salad', 9), ('Burger', 6)]",340.8,-37.8047395,144.9652608,0,7.395,13.0404123,False,1,True,False,False,13.430960178848846,-0.3905478788488459
ORDB09920,2018-10-05,17:07:36,Dinner,"[('Shrimp', 9), ('Salmon', 9)]",855.0,-37.8084292,144.9679737,0,9.007,13.252444,False,2,False,False,True,12.938500009641716,0.31394399035828435
ORDB06637,2018-06-01,12:54:05,Lunch,"[('Chicken', 10), ('Steak', 1)]",365.0,-37.8162141,144.9659806,0,7.86,11.8089513,False,1,False,False,True,11.090881340697512,0.718069959302488
ORDY08832,2018-12-07,19:19:26,Dinner,"[('Shrimp', 5), ('Salmon', 5), ('Pasta', 6), ('Fish&Chips', 4)]",780.0,-37.8256364,144.9482106,0,8.812,13.3918388,False,2,False,False,True,12.75507130258338,0.6367674974166206
ORDC01644,2018-05-08,12:13:31,Lunch,"[('Burger', 3), ('Fries', 9), ('Steak', 9)]",606.0,-37.8043011,144.9717177,0,6.972,12.4232694,False,1,False,True,False,12.560532070248701,-0.13726267024870076
ORDA00151,2018-04-28,11:53:14,Breakfast,"[('Cereal', 4), ('Pancake', 6), ('Coffee', 7), ('Eggs', 4)]",370.0,-37.8019073,144.9565594,0,8.271,15.7606949,True,0,True,False,False,15.555195664329256,0.2054992356707448
ORDJ00542,2018-03-26,10:42:15,Breakfast,"[('Cereal', 3), ('Eggs', 2), ('Coffee', 7)]",159.5,-37.8055337,144.9736039,0,9.516,11.7322536,False,0,False,False,True,11.87993275321237,-0.1476791532123709
ORDX00301,2018-04-08,11:12:40,Breakfast,"[('Eggs', 7), ('Cereal', 4)]",238.0,-37.8100283,144.9906973,0,5.0,12.8923667,True,0,True,False,False,12.478296685930186,0.41407001406981436
ORDX10825,2018-10-05,17:07:36,Dinner,"[('Fish&Chips', 7), ('Salmon', 10), ('Shrimp', 6), ('Pasta', 9)]",1226.5,-37.8141096,144.9676563,0,7.379,14.1699379,False,2,True,False,False,14.184591225696408,-0.014653325696407649
ORDA04788,2018-09-15,16:27:02,Dinner,"[('Salmon', 6), ('Shrimp', 2), ('Pasta', 7)]",546.5,-37.801275,145.0036219,0,5.347,15.1381322,True,2,True,False,False,14.34206893334382,0.79606326665618
ORDK11107,2018-05-15,12:23:39,Lunch,"[('Chicken', 10), ('Burger', 6), ('Salad', 2), ('Fries', 1)]",552.4,-37.8182673,144.9642352,0,7.723,13.9813128,False,1,True,False,False,13.739496670721332,0.2418161292786678
ORDJ03632,2018-06-01,12:54:05,Lunch,"[('Salad', 1), ('Burger', 5), ('Fries', 10), ('Chicken', 7)]",516.2,-37.820953,144.9475811,0,8.97,12.2221296,False,1,False,False,True,12.135013980875737,0.08711561912426369
ORDC10893,2018-04-01,10:52:23,Breakfast,"[('Coffee', 5), ('Cereal', 9), ('Eggs', 10), ('Pancake', 10)]",689.0,-37.8185145,144.9540726,0,9.124,16.3517049,True,0,False,True,False,15.885049761915969,0.4666551380840325
ORDY02004,2018-02-16,09:31:16,Breakfast,"[('Coffee', 3), ('Pancake', 10)]",265.0,-37.8041733,144.9501706,0,10.036,13.2509306,False,0,False,False,True,12.3690759720346,0.8818546279653994
ORDB02716,2018-11-14,18:28:43,Dinner,"[('Pasta', 10), ('Fish&Chips', 9), ('Shrimp', 8)]",1022.0,-37.8065136,144.9440952,0,10.134,14.3669193,False,2,False,False,True,13.998623870435283,0.36829542956471606
ORDB04082,2018-10-23,17:48:10,Dinner,"[('Pasta', 6), ('Salmon', 5), ('Fish&Chips', 6), ('Shrimp', 10)]",1120.0,-37.8071253,144.9486282,0,9.697,13.8262926,False,2,False,False,True,13.58755543461737,0.23873716538263068
ORDC05930,2018-03-21,10:32:06,Breakfast,"[('Coffee', 5), ('Eggs', 4), ('Pancake', 5)]",246.75,-37.8159634,144.9613069,0,8.388,13.4482606,False,0,False,True,False,13.123825074076375,0.324435525923624
ORDK02667,2018-12-20,19:39:43,Dinner,"[('Pasta', 2), ('Shrimp', 6), ('Salmon', 10)]",789.0,-37.802362,144.9915361,0,6.648,13.3990717,False,2,True,False,False,13.496968739236696,-0.09789703923669535
ORDK01809,2018-12-05,19:09:17,Dinner,"[('Salmon', 10), ('Fish&Chips', 1)]",445.0,-37.8207182,144.954738,0,8.636,15.4177542,False,2,True,False,False,15.36700089119553,0.05075330880446849
ORDK05416,2018-06-24,13:44:47,Lunch,"[('Chicken', 2), ('Fries', 5)]",124.0,-37.8260405,144.983526,0,6.946,15.1029045,True,1,True,False,False,15.07750272379547,0.02540177620452866
ORDZ08389,2018-08-03,15:05:54,Lunch,"[('Steak', 2), ('Chicken', 4), ('Salad', 9)]",372.8,-37.8122401,144.9736344,0,7.589,12.8036135,False,1,False,True,False,13.140919312582001,-0.33730581258200054
ORDY01085,2018-08-19,15:36:20,Lunch,"[('Burger', 8), ('Chicken', 5), ('Fries', 9), ('Salad', 1)]",533.2,-37.8157863,144.9582671,0,8.161,12.8572223,True,1,False,False,True,13.442918912791585,-0.585696612791585
ORDC01315,2018-09-05,16:06:45,Dinner,"[('Fish&Chips', 1), ('Pasta', 6), ('Shrimp', 7), ('Salmon', 2)]",660.0,-37.8161428,144.9287483,0,10.576,16.5080512,False,2,False,True,False,16.71935244812795,-0.21130124812794904
ORDK04533,2018-11-12,18:28:43,Dinner,"[('Pasta', 2), ('Fish&Chips', 9)]",370.0,-37.8043195,144.9780489,0,6.998,13.7420342,False,2,True,False,False,13.826199751905506,-0.0841655519055049
ORDK10382,2018-10-29,17:58:18,Dinner,"[('Salmon', 4), ('Shrimp', 2), ('Fish&Chips', 9), ('Pasta', 6)]",752.0,-37.8178879,144.9621366,0,7.931,14.8292962,False,2,True,False,False,14.70383556567693,0.1254606343230691
ORDA05472,2018-04-02,11:02:32,Breakfast,"[('Pancake', 4), ('Cereal', 2), ('Eggs', 4)]",227.0,-37.8134857,144.9585706,0,8.025,13.0491341,False,0,True,False,False,13.254894394225996,-0.20576029422599618
ORDC02840,2018-08-16,15:26:11,Lunch,"[('Salad', 5), ('Chicken', 3), ('Steak', 10), ('Burger', 3)]",725.0,-37.8113201,145.0004866,0,9.565,14.5826402,False,1,False,True,False,14.999663544106479,-0.4170233441064788
ORDB02057,2018-05-06,12:03:22,Lunch,"[('Steak', 2), ('Burger', 7), ('Fries', 9), ('Chicken', 2)]",479.0,-37.8019359,144.9708643,0,9.845,14.4830695,True,1,False,False,True,15.026990413746658,-0.5439209137466587
ORDJ02568,2018-05-06,12:03:22,Lunch,"[('Chicken', 2), ('Salad', 5), ('Fries', 5)]",210.0,-37.8081329,144.9339054,0,10.861,15.2192975,True,1,False,False,True,15.9827010105224,-0.7634035105223997
ORDB01871,2018-06-25,13:44:47,Lunch,"[('Salad', 5), ('Burger', 1)]",117.0,-37.8250792,144.9827779,0,8.978,11.9653083,False,1,False,False,True,12.14253926116531,-0.1772309611653089
ORDA03235,2018-06-17,13:34:38,Lunch,"[('Fries', 8), ('Steak', 1), ('Salad', 7)]",261.4,-37.8015587,144.9643303,0,7.9,16.2759513,True,1,True,False,False,15.974892398327027,0.3010589016729721
ORDJ09828,2018-11-12,18:28:43,Dinner,"[('Fish&Chips', 4), ('Pasta', 10), ('Shrimp', 5), ('Salmon', 8)]",1013.0,-37.8024671,144.9757607,0,9.948,13.9232461,False,2,False,False,True,13.823661103702715,0.09958499629728479
ORDX03427,2018-05-18,12:33:48,Lunch,"[('Burger', 7), ('Steak', 8), ('Chicken', 7), ('Salad', 9)]",955.8,-37.8045374,144.9431479,0,9.221,15.0697275,False,1,True,False,False,15.148605404943835,-0.07887790494383395
ORDC05901,2018-06-20,13:34:38,Lunch,"[('Salad', 9), ('Steak', 1), ('Fries', 3)]",235.8,-37.8222521,144.9447881,0,10.179,15.8094421,False,1,False,True,False,15.57722880633119,0.23221329366880994
ORDA08626,2018-03-17,10:21:58,Breakfast,"[('Pancake', 7), ('Cereal', 6), ('Coffee', 3), ('Eggs', 5)]",428.25,-37.8214287,144.9894055,0,6.046,13.608281,True,0,True,False,False,13.462227083791825,0.14605391620817443
ORDY01672,2018-12-23,19:49:51,Dinner,"[('Salmon', 3), ('Fish&Chips', 1), ('Pasta', 1), ('Shrimp', 6)]",509.5,-37.8032485,144.9816499,0,10.18,15.9663053,True,2,False,False,True,16.110793133299225,-0.144487833299225
ORDI05015,2018-06-26,13:44:47,Lunch,"[('Fries', 7), ('Chicken', 1), ('Salad', 3), ('Burger', 6)]",353.6,-37.8111243,145.0017881,0,9.648,15.4412324,False,1,False,True,False,15.077738327110797,0.3634940728892033
ORDB08981,2018-09-30,16:57:27,Dinner,"[('Salmon', 10), ('Fish&Chips', 9)]",725.0,-37.8144874,144.943067,0,9.83,15.3237472,True,2,False,False,True,15.781562120630415,-0.4578149206304154
ORDY07267,2018-11-15,18:28:43,Dinner,"[('Shrimp', 2), ('Pasta', 5)]",245.5,-37.8238251,144.9592967,0,8.327,12.4343211,False,2,False,False,True,12.298851185028031,0.13546991497196892
ORDI06108,2018-04-26,11:43:05,Breakfast,"[('Eggs', 4), ('Pancake', 8), ('Cereal', 10)]",492.0,-37.8048457,144.9280557,0,10.521,15.7151032,False,0,False,True,False,15.13025293128372,0.5848502687162789
ORDC00463,2018-02-01,09:00:50,Breakfast,"[('Coffee', 4), ('Cereal', 6), ('Eggs', 9), ('Pancake', 8)]",548.0,-37.8059885,144.9570839,0,7.85,12.7557772,False,0,False,True,False,12.617749974602606,0.1380272253973942
ORDB01600,2018-08-01,15:05:54,Lunch,"[('Burger', 10), ('Steak', 5), ('Fries', 7), ('Chicken', 7), ('Salad', 3)]",894.6,-37.8034132,144.9499017,0,9.934,13.1779134,False,1,False,False,True,13.041810255769256,0.1361031442307432
ORDA00708,2018-11-30,18:59:09,Dinner,"[('Pasta', 7), ('Shrimp', 6), ('Fish&Chips', 3), ('Salmon', 5)]",826.5,-37.8031341,145.003551,0,5.337,11.954702,False,2,True,False,False,12.263763431782955,-0.30906143178295586
ORDY08704,2018-07-22,14:35:29,Lunch,"[('Burger', 4), ('Steak', 8), ('Salad', 5), ('Chicken', 4), ('Fries', 4)]",746.0,-37.8146377,144.9538764,0,8.699,13.4211937,True,1,False,False,True,13.948994012265354,-0.5278003122653541
ORDA06300,2018-09-09,16:16:54,Dinner,"[('Pasta', 6), ('Salmon', 8), ('Shrimp', 10), ('Fish&Chips', 9)]",1348.0,-37.8098392,144.98912,0,5.106,14.4996865,True,2,True,False,False,14.115369864620439,0.3843166353795606
ORDC02332,2018-03-19,10:32:06,Breakfast,"[('Pancake', 3), ('Eggs', 1)]",94.75,-37.8121811,144.9578194,0,8.285,13.0094856,False,0,False,True,False,13.026937090348127,-0.017451490348127763
ORDX08009,2018-04-07,11:12:40,Breakfast,"[('Cereal', 6), ('Coffee', 2), ('Pancake', 8), ('Eggs', 6)]",467.0,-37.8192593,145.0112358,0,4.368,11.7858749,True,0,True,False,False,11.883799543053936,-0.09792464305393622
ORDA05376,2018-04-28,11:53:14,Breakfast,"[('Cereal', 3), ('Eggs', 9), ('Pancake', 1)]",285.25,-37.8225056,144.9692865,0,8.023,15.9272751,True,0,True,False,False,15.3219119753525,0.6053631246475
ORDC01691,2018-10-10,17:17:44,Dinner,"[('Fish&Chips', 4), ('Salmon', 1), ('Shrimp', 9)]",667.0,-37.8124822,144.9533468,0,8.516,14.0684274,False,2,False,True,False,14.781592773562956,-0.7131653735629566
ORDB09607,2018-03-21,10:32:06,Breakfast,"[('Pancake', 4), ('Coffee', 9), ('Eggs', 4), ('Cereal', 5)]",357.5,-37.8148803,144.96082,0,8.23,11.0920613,False,0,False,False,True,10.670243946663547,0.4218173533364524
ORDK10706,2018-08-06,15:05:54,Lunch,"[('Chicken', 2), ('Salad', 4), ('Burger', 2)]",194.8,-37.8150991,144.9692554,0,7.29,12.7764323,False,1,True,False,False,13.332190875048203,-0.5557585750482037
ORDK02034,2018-07-20,14:35:29,Lunch,"[('Fries', 5), ('Salad', 2), ('Burger', 6), ('Steak', 10)]",730.4,-37.8202297,144.9894253,0,5.936,11.4792342,False,1,True,False,False,12.05853718603801,-0.5793029860380088
ORDY02677,2018-02-13,09:21:07,Breakfast,"[('Eggs', 7), ('Coffee', 1)]",161.5,-37.8114302,144.9760797,0,8.975,11.6936472,False,0,False,False,True,11.371035673630011,0.3226115263699878
ORDY07311,2018-05-19,12:33:48,Lunch,"[('Burger', 10), ('Steak', 7), ('Fries', 5), ('Salad', 5), ('Chicken', 3)]",867.0,-37.7993418,144.9543752,0,9.903,14.4542025,True,1,False,False,True,15.081548695846058,-0.6273461958460587
ORDX02959,2018-05-03,12:03:22,Lunch,"[('Salad', 3), ('Fries', 10), ('Burger', 6), ('Chicken', 7)]",581.6,-37.8121669,144.9664055,0,7.34,12.8008505,False,1,True,False,False,13.379223876858033,-0.5783733768580337
ORDC00918,2018-02-16,09:31:16,Breakfast,"[('Coffee', 8), ('Cereal', 2)]",102.0,-37.7998888,144.9460815,0,8.449,13.549667,False,0,False,True,False,13.181205336284368,0.3684616637156317
ORDY10991,2018-05-12,12:13:31,Lunch,"[('Fries', 7), ('Burger', 5), ('Steak', 6)]",509.0,-37.8005892,144.9373557,0,11.593,15.4873804,True,1,False,False,True,16.671264157018307,-1.1838837570183074
ORDK08721,2018-10-12,17:27:53,Dinner,"[('Pasta', 10), ('Fish&Chips', 10), ('Shrimp', 7)]",1003.0,-37.8186371,144.9652181,0,7.685,14.2426579,False,2,True,False,False,14.472433196772567,-0.22977529677256747
ORDB10118,2018-05-25,12:43:56,Lunch,"[('Burger', 6), ('Salad', 4), ('Fries', 10), ('Steak', 3)]",509.8,-37.8033265,144.9944293,0,11.155,14.5399861,False,1,False,False,True,14.190356159965301,0.34962994003469916
ORDX05270,2018-02-14,09:21:07,Breakfast,"[('Coffee', 2), ('Cereal', 9), ('Eggs', 6), ('Pancake', 10)]",578.5,-37.8244322,144.9757989,0,7.503,12.4103313,False,0,True,False,False,12.763869855331372,-0.35353855533137235
ORDA00901,2018-12-31,20:00:00,Dinner,"[('Pasta', 8), ('Fish&Chips', 10)]",570.0,-37.8048333,144.9588489,0,7.908,14.9687907,False,2,True,False,False,14.682200384844409,0.28659031515559086
ORDC05871,2018-05-04,12:03:22,Lunch,"[('Fries', 6), ('Chicken', 8), ('Steak', 9), ('Salad', 4), ('Burger', 1)]",832.8,-37.8001569,144.9353663,0,6.636,12.2890753,False,1,False,True,False,12.244470298086645,0.04460500191335548
ORDC09856,2018-03-27,10:42:15,Breakfast,"[('Coffee', 10), ('Pancake', 4), ('Cereal', 3), ('Eggs', 10)]",455.0,-37.812419,144.9538206,0,8.355,13.5189462,False,0,False,True,False,13.092783292881888,0.4261629071181119
ORDJ09735,2018-06-08,13:14:21,Lunch,"[('Steak', 6), ('Burger', 8), ('Salad', 5)]",604.0,-37.8160448,144.9651252,0,7.848,11.297365,False,1,False,False,True,11.079593420263153,0.21777157973684602
ORDJ09788,2018-07-20,14:35:29,Lunch,"[('Chicken', 1), ('Steak', 2), ('Salad', 10), ('Burger', 7)]",511.0,-37.8223305,144.9469952,0,8.91,11.7318762,False,1,False,False,True,12.07857437870394,-0.3466981787039405
ORDC01676,2018-11-22,18:49:00,Dinner,"[('Shrimp', 10), ('Fish&Chips', 9), ('Pasta', 7), ('Salmon', 10)]",1457.5,-37.8113535,144.9731957,0,7.447,12.8238402,False,2,False,True,False,13.776027194868792,-0.9521869948687929
ORDI00222,2018-03-30,10:52:23,Breakfast,"[('Cereal', 4), ('Coffee', 7), ('Eggs', 10), ('Pancake', 1)]",380.75,-37.8112876,144.9617899,0,7.734,12.4709443,False,0,False,True,False,12.508633410403801,-0.03768911040380196
ORDJ05200,2018-05-04,12:03:22,Lunch,"[('Chicken', 3), ('Steak', 8), ('Fries', 10), ('Salad', 1), ('Burger', 10)]",903.2,-37.8026898,144.938283,0,10.989,13.9229476,False,1,False,False,True,14.034206593956668,-0.1112589939566675
ORDB09414,2018-10-30,17:58:18,Dinner,"[('Salmon', 8), ('Pasta', 10), ('Fish&Chips', 2), ('Shrimp', 4)]",889.0,-37.8061642,144.9398315,0,10.366,14.5171315,False,2,False,False,True,14.216856998832894,0.30027450116710597
ORDX01728,2018-02-04,09:00:50,Breakfast,"[('Coffee', 7), ('Pancake', 10), ('Cereal', 9), ('Eggs', 3)]",550.0,-37.8212464,144.9613796,0,8.199,15.6399543,True,0,True,False,False,15.4874681417231,0.15248615827689882
ORDI04533,2018-03-15,10:21:58,Breakfast,"[('Coffee', 8), ('Cereal', 8), ('Pancake', 10), ('Eggs', 1)]",492.5,-37.8001032,145.0050381,0,9.543,15.193737,False,0,False,True,False,14.210287415883446,0.9834495841165545
ORDI02925,2018-08-10,15:16:03,Lunch,"[('Steak', 6), ('Salad', 4), ('Chicken', 10), ('Burger', 10)]",968.8,-37.8037097,145.0116178,0,10.08,15.7345484,False,1,False,True,False,15.484103462747727,0.2504449372522721
ORDI00612,2018-05-27,12:43:56,Lunch,"[('Steak', 1), ('Fries', 6)]",117.0,-37.8173802,144.9488957,0,9.422,16.6496687,True,1,False,True,False,16.934048060129264,-0.28437936012926457
ORDK09744,2018-02-01,09:00:50,Breakfast,"[('Eggs', 1), ('Pancake', 6)]",167.5,-37.8053575,144.9271491,0,11.083,15.9496877,False,0,True,False,False,16.13143278491519,-0.1817450849151907
ORDJ03308,2018-11-26,18:49:00,Dinner,"[('Fish&Chips', 10), ('Shrimp', 1)]",404.0,-37.805919,144.9583184,0,9.09,13.053072,False,2,False,False,True,13.016574792646034,0.03649720735396578
ORDB08470,2018-02-19,09:31:16,Breakfast,"[('Coffee', 9), ('Eggs', 4), ('Pancake', 8)]",349.5,-37.806874,144.9782069,0,9.557,11.8707488,False,0,False,False,True,11.918499814696432,-0.04775101469643239
ORDJ04152,2018-04-10,11:12:40,Breakfast,"[('Pancake', 7), ('Coffee', 8)]",229.75,-37.819452,145.0037269,0,10.969,13.3822703,False,0,False,False,True,13.246711785806028,0.13555851419397236
ORDX03314,2018-06-21,13:34:38,Lunch,"[('Chicken', 6), ('Fries', 1), ('Salad', 8), ('Burger', 5), ('Steak', 5)]",721.6,-37.799587,144.9634088,0,8.121,14.2465559,False,1,True,False,False,14.113879365127577,0.1326765348724237
ORDA00982,2018-01-24,08:40:33,Breakfast,"[('Cereal', 8), ('Pancake', 7), ('Eggs', 10)]",557.75,-37.8048626,144.9244347,0,11.018,16.0761634,False,0,True,False,False,16.070289882562413,0.005873517437585463
ORDI08593,2018-10-22,17:48:10,Dinner,"[('Salmon', 10), ('Pasta', 6), ('Fish&Chips', 8), ('Shrimp', 5)]",1125.0,-37.8194833,144.9628206,0,8.859,14.555783,False,2,False,True,False,15.104239165978388,-0.5484561659783882
ORDC06690,2018-05-14,12:23:39,Lunch,"[('Fries', 2), ('Chicken', 9)]",312.0,-37.7993419,144.9590456,0,7.19,11.9644849,False,1,False,True,False,12.76559595813956,-0.8011110581395595
ORDA00908,2018-07-18,14:35:29,Lunch,"[('Fries', 5), ('Burger', 2), ('Salad', 5), ('Chicken', 7)]",432.0,-37.8055127,144.9661838,0,7.331,12.5157647,False,1,True,False,False,13.370757936532264,-0.8549932365322643
ORDY02618,2018-02-01,09:00:50,Breakfast,"[('Cereal', 6), ('Pancake', 8)]",320.0,-37.7994579,144.9596991,0,9.893,12.4122623,False,0,False,False,True,12.23456158685849,0.17770071314151004
ORDZ01237,2018-01-05,08:00:00,Breakfast,"[('Coffee', 3), ('Eggs', 10), ('Cereal', 4), ('Pancake', 5)]",447.75,-37.8106761,144.9394491,1,9.677,11.4104118,False,0,False,True,False,7.641763523420891,3.7686482765791096
ORDZ09044,2018-01-20,08:30:25,Breakfast,"[('Coffee', 2), ('Cereal', 5), ('Pancake', 3), ('Eggs', 5)]",302.75,-37.8066231,144.9591397,0,7.753,14.3201367,True,0,False,True,False,14.595404852290434,-0.2752681522904332
ORDB04819,2018-08-06,15:05:54,Lunch,"[('Steak', 7), ('Fries', 8), ('Salad', 7), ('Chicken', 6), ('Burger', 2)]",785.4,-37.8034599,144.9541489,0,9.632,13.5649295,False,1,False,False,True,12.757730924837883,0.8071985751621167
ORDY00554,2018-10-19,17:38:01,Dinner,"[('Salmon', 8), ('Pasta', 8)]",548.0,-37.8187135,144.9670491,0,7.561,11.5262212,False,2,False,False,True,11.578305597301437,-0.05208439730143688
ORDJ08905,2018-08-02,15:05:54,Lunch,"[('Salad', 10), ('Steak', 1)]",217.0,-37.7995127,144.9628862,0,9.83,13.2068395,False,1,False,False,True,12.94398161200481,0.26285788799518883
ORDJ07222,2018-04-19,11:32:57,Breakfast,"[('Cereal', 6), ('Coffee', 5), ('Eggs', 4), ('Pancake', 1)]",275.75,-37.8068238,144.9501402,0,9.558,11.8124668,False,0,False,False,True,11.919440474732628,-0.10697367473262887
ORDA07950,2018-08-18,15:36:20,Lunch,"[('Chicken', 3), ('Salad', 4), ('Steak', 10), ('Burger', 4), ('Fries', 4)]",786.8,-37.8111201,144.9700211,0,6.993,15.7145511,True,1,True,False,False,15.121713745496711,0.5928373545032883
ORDB03380,2018-07-23,14:45:38,Lunch,"[('Chicken', 1), ('Salad', 5)]",118.0,-37.8249302,145.0119503,0,11.491,14.9176431,False,1,False,False,True,14.50641793212736,0.4112251678726402
ORDY10334,2018-08-25,15:46:28,Lunch,"[('Burger', 1), ('Steak', 8), ('Chicken', 6), ('Salad', 7)]",703.4,-37.8198091,144.9798688,0,8.764,14.0309164,True,1,False,False,True,14.010136914618132,0.020779485381869023
ORDY01276,2018-08-01,14:55:46,Lunch,"[('Burger', 2), ('Fries', 8), ('Steak', 4), ('Chicken', 1)]",370.0,-37.8070104,144.9489637,0,9.654,13.0331316,False,1,False,False,True,12.778425445634209,0.2547061543657918
ORDK00463,2018-11-05,18:08:27,Dinner,"[('Pasta', 8), ('Shrimp', 10), ('Salmon', 5), ('Fish&Chips', 5)]",1140.0,-37.8225159,144.9477823,0,9.261,16.33451,False,2,True,False,False,15.954913413818405,0.37959658618159686
ORDJ02962,2018-03-04,10:01:41,Breakfast,"[('Eggs', 1), ('Pancake', 3), ('Cereal', 4)]",178.75,-37.81931,145.0016982,0,10.795,14.898268,True,0,False,False,True,15.151935840706715,-0.253667840706715
ORDB02028,2018-09-17,16:37:10,Dinner,"[('Shrimp', 3), ('Fish&Chips', 9), ('Pasta', 1), ('Salmon', 9)]",873.5,-37.8135002,144.965631,0,8.206,12.4895731,False,2,False,False,True,12.185031320648243,0.30454177935175686
ORDY06265,2018-12-06,19:09:17,Dinner,"[('Pasta', 6), ('Shrimp', 1), ('Fish&Chips', 3)]",324.0,-37.8191898,144.9541886,0,8.396,12.3342338,False,2,False,False,True,12.363756727525598,-0.02952292752559771
ORDC01030,2018-03-23,10:42:15,Breakfast,"[('Coffee', 8), ('Eggs', 6), ('Cereal', 1), ('Pancake', 6)]",358.5,-37.8008954,144.9451581,0,8.509,13.3008674,False,0,False,True,False,13.237644938456166,0.06322246154383393
ORDA04818,2018-06-20,13:34:38,Lunch,"[('Salad', 10), ('Fries', 2), ('Burger', 5)]",351.0,-37.8043534,144.9492338,0,8.807,14.8102987,False,1,True,False,False,14.759172149958443,0.051126550041557195
ORDA09458,2018-10-24,17:48:10,Dinner,"[('Pasta', 10), ('Fish&Chips', 8), ('Salmon', 6)]",801.0,-37.8200177,144.9670299,0,7.817,14.8666695,False,2,True,False,False,14.596600321550518,0.2700691784494822
ORDA01780,2018-05-13,12:23:39,Lunch,"[('Salad', 4), ('Steak', 2), ('Fries', 1), ('Chicken', 3)]",266.8,-37.8085074,144.9593706,0,7.798,16.632549,True,1,True,False,False,15.878945074634972,0.7536039253650291
ORDC03111,2018-04-01,10:52:23,Breakfast,"[('Eggs', 7), ('Cereal', 8), ('Coffee', 10), ('Pancake', 4)]",494.0,-37.8192673,144.9788564,0,9.479,16.2131805,True,0,False,True,False,16.21898407476576,-0.005803574765760544
ORDK05499,2018-10-03,17:07:36,Dinner,"[('Shrimp', 5), ('Fish&Chips', 1), ('Pasta', 9), ('Salmon', 9)]",921.5,-37.8089395,144.9576682,0,7.956,14.6938445,False,2,True,False,False,14.727352066581846,-0.03350756658184473
ORDB05918,2018-02-12,09:21:07,Breakfast,"[('Cereal', 6), ('Coffee', 8), ('Eggs', 5)]",296.0,-37.8024414,144.9922659,0,11.376,13.6518793,False,0,False,False,True,13.629560420538043,0.022318879461955987
ORDJ01761,2018-02-11,09:21:07,Breakfast,"[('Coffee', 1), ('Cereal', 10), ('Pancake', 7)]",387.25,-37.8128061,144.96827,0,8.442,12.9884504,True,0,False,False,True,12.938562775536122,0.049887624463877955
ORDX10376,2018-06-10,13:14:21,Lunch,"[('Steak', 8), ('Fries', 1)]",372.0,-37.8141478,144.9640239,0,7.669,16.0455977,True,1,True,False,False,15.757599929965611,0.2879977700343872
ORDJ09701,2018-11-24,18:49:00,Dinner,"[('Pasta', 1), ('Salmon', 2), ('Shrimp', 1), ('Fish&Chips', 7)]",408.5,-37.8100359,144.9515793,0,9.308,14.631487,True,2,False,False,True,15.29053758173579,-0.6590505817357908
ORDY02149,2018-10-19,17:38:01,Dinner,"[('Fish&Chips', 4), ('Salmon', 1), ('Pasta', 10), ('Shrimp', 2)]",564.0,-37.7997268,144.9254944,0,11.856,15.132966,False,2,False,False,True,15.618440452765824,-0.4854744527658248
ORDK07547,2018-10-18,17:38:01,Dinner,"[('Pasta', 6), ('Shrimp', 6)]",489.0,-37.8182545,144.9669671,0,7.541,14.8500158,False,2,True,False,False,14.336978151560258,0.5130376484397416
ORDJ06070,2018-09-05,16:06:45,Dinner,"[('Salmon', 2), ('Fish&Chips', 1)]",117.0,-37.8152417,144.9276167,0,11.751,15.8701662,False,2,False,False,True,15.51967114896518,0.3504950510348195
ORDC05094,2018-10-30,17:58:18,Dinner,"[('Pasta', 7), ('Salmon', 9), ('Fish&Chips', 10), ('Shrimp', 1)]",965.5,-37.818685,144.9801048,0,8.671,14.6473463,False,2,False,True,False,14.927395079173428,-0.28004877917342696
ORDY08880,2018-03-30,10:52:23,Breakfast,"[('Pancake', 2), ('Coffee', 10), ('Eggs', 2), ('Cereal', 6)]",293.5,-37.8010546,144.956769,0,9.613,12.530952,False,0,False,False,True,11.971176776723441,0.5597752232765583
ORDZ00354,2018-08-28,15:56:37,Lunch,"[('Salad', 8), ('Fries', 5), ('Chicken', 3), ('Burger', 2), ('Steak', 6)]",625.6,-37.8142265,144.963182,0,8.08,13.4609722,False,1,False,True,False,13.602783390354531,-0.14181119035453094
ORDX00975,2018-11-29,18:59:09,Dinner,"[('Shrimp', 7), ('Salmon', 5), ('Fish&Chips', 6)]",793.0,-37.8096046,144.9726112,0,6.714,13.6418562,False,2,True,False,False,13.559052301625671,0.082803898374328
ORDC09670,2018-03-16,10:21:58,Breakfast,"[('Coffee', 10), ('Pancake', 2), ('Cereal', 9), ('Eggs', 4)]",400.5,-37.8123555,144.9898132,0,8.803,13.9485899,False,0,False,True,False,13.514198989097965,0.4343909109020352
ORDC01769,2018-11-26,18:49:00,Dinner,"[('Pasta', 6), ('Fish&Chips', 6), ('Salmon', 5), ('Shrimp', 10)]",1120.0,-37.8171306,144.9528792,0,8.992,15.1619395,False,2,False,True,False,15.229346950792538,-0.06740745079253685
ORDY08759,2018-07-14,14:25:21,Lunch,"[('Fries', 9), ('Salad', 2)]",142.4,-37.8191691,145.005214,0,11.052,15.3783355,True,1,False,False,True,16.162367077435945,-0.784031577435945
ORDB10461,2018-07-19,14:35:29,Lunch,"[('Salad', 9), ('Burger', 3), ('Fries', 7), ('Steak', 10), ('Chicken', 4)]",909.8,-37.7992511,144.9471151,0,10.537,13.5835644,False,1,False,False,True,13.609028257595805,-0.025463857595804384
ORDY09551,2018-12-22,19:49:51,Dinner,"[('Shrimp', 1), ('Fish&Chips', 5)]",229.0,-37.8193807,144.941667,0,9.701,15.2215673,True,2,False,False,True,15.660216975961054,-0.4386496759610541
ORDC07649,2018-03-27,10:42:15,Breakfast,"[('Pancake', 5), ('Cereal', 2), ('Coffee', 4), ('Eggs', 10)]",413.25,-37.8171722,144.9860587,0,8.931,14.0308894,False,0,False,True,False,13.63460347373113,0.39628592626887027
ORDJ01256,2018-02-03,09:00:50,Breakfast,"[('Eggs', 3), ('Pancake', 6), ('Coffee', 3)]",234.0,-37.8094733,144.9560455,0,8.95,13.1103103,True,0,False,False,True,13.416418073923994,-0.30610777392399413
ORDB02934,2018-10-24,17:48:10,Dinner,"[('Salmon', 1), ('Fish&Chips', 10), ('Shrimp', 9)]",877.0,-37.8205124,144.966366,0,7.433,11.7474869,False,2,False,False,True,11.457901112668273,0.2895857873317276
ORDB10788,2018-10-27,17:58:18,Dinner,"[('Fish&Chips', 6), ('Salmon', 4), ('Pasta', 9), ('Shrimp', 6)]",945.5,-37.8158734,144.9996785,0,10.76,16.3533372,True,2,False,False,True,16.656375954293253,-0.30303875429325444
ORDC03922,2018-04-28,11:53:14,Breakfast,"[('Cereal', 7), ('Pancake', 8), ('Coffee', 9)]",408.5,-37.8023661,144.9620569,0,7.035,13.7004702,True,0,False,True,False,13.920010946301277,-0.21954074630127707
ORDB02010,2018-09-20,16:37:10,Dinner,"[('Pasta', 1), ('Shrimp', 10), ('Fish&Chips', 8)]",847.5,-37.8013082,144.9575454,0,9.558,13.5141728,False,2,False,False,True,13.456803689586042,0.057369110413958424
ORDK07011,2018-09-10,16:16:54,Dinner,"[('Fish&Chips', 2), ('Pasta', 3), ('Salmon', 1), ('Shrimp', 5)]",463.5,-37.8175106,144.9487589,0,9.118,16.0972989,False,2,True,False,False,15.820399028642292,0.2768998713577062
ORDC04829,2018-01-23,08:40:33,Breakfast,"[('Eggs', 6), ('Coffee', 1), ('Cereal', 10), ('Pancake', 7)]",519.25,-37.8082105,144.9345625,0,10.211,15.1625082,False,0,False,True,False,14.838648320062775,0.3238598799372241
ORDI01778,2018-02-16,09:31:16,Breakfast,"[('Pancake', 5), ('Coffee', 5), ('Cereal', 1), ('Eggs', 5)]",289.75,-37.8101575,144.9500656,0,8.623,13.9473574,False,0,False,True,False,13.344880182582576,0.6024772174174231
ORDA03372,2018-12-02,19:09:17,Dinner,"[('Salmon', 9), ('Shrimp', 2)]",477.0,-37.8052643,144.9695957,0,6.998,16.5280064,True,2,True,False,False,15.895098653104402,0.6329077468955973
ORDX09474,2018-07-27,14:45:38,Lunch,"[('Steak', 7), ('Chicken', 5), ('Salad', 1), ('Fries', 8)]",588.2,-37.8015996,144.9843406,0,6.468,12.3272808,False,1,True,False,False,12.5589683252946,-0.2316875252945998
ORDJ05223,2018-01-22,08:40:33,Breakfast,"[('Pancake', 3), ('Coffee', 1), ('Eggs', 10)]",300.25,-37.806898,144.9541113,0,9.246,12.2539263,False,0,False,False,True,11.62595454343929,0.6279717565607097
ORDJ04707,2018-11-10,18:18:35,Dinner,"[('Fish&Chips', 3), ('Pasta', 7)]",297.5,-37.8104585,144.9440867,0,9.766,15.2350134,True,2,False,False,True,15.721359878313832,-0.48634647831383226
ORDC07100,2018-12-02,19:09:17,Dinner,"[('Pasta', 2), ('Fish&Chips', 2), ('Salmon', 8), ('Shrimp', 8)]",885.0,-37.8024048,144.9789446,0,6.961,14.8738965,True,2,False,True,False,15.387765318476143,-0.5138688184761424
ORDA06898,2018-11-16,18:28:43,Dinner,"[('Pasta', 1), ('Shrimp', 4), ('Fish&Chips', 6), ('Salmon', 2)]",535.5,-37.8119028,144.9780502,0,6.384,13.5566868,False,2,True,False,False,13.248634489680795,0.308052310319205
ORDI05022,2018-08-09,15:16:03,Lunch,"[('Chicken', 4), ('Salad', 5), ('Burger', 4), ('Steak', 1), ('Fries', 4)]",431.0,-37.8224504,144.9558264,0,9.52,15.1684567,False,1,False,True,False,14.957333842477633,0.21112285752236737
ORDY03921,2018-09-16,16:27:02,Dinner,"[('Salmon', 6), ('Shrimp', 1), ('Pasta', 7), ('Fish&Chips', 4)]",632.5,-37.805261,144.9417484,0,10.347,15.6688128,True,2,False,False,True,16.267883359344054,-0.5990705593440548
ORDZ06524,2018-09-10,16:16:54,Dinner,"[('Fish&Chips', 4), ('Shrimp', 10), ('Pasta', 7), ('Salmon', 4)]",1036.5,-37.8061847,144.9865626,0,8.002,13.8799289,False,2,False,True,False,14.298093514957905,-0.4181646149579059
ORDI03749,2018-06-27,13:54:55,Lunch,"[('Burger', 9), ('Salad', 1), ('Steak', 5), ('Fries', 3), ('Chicken', 7)]",781.2,-37.82489,144.9848664,0,9.503,15.1497083,False,1,False,True,False,14.94134262186229,0.20836567813771012
ORDC05998,2018-11-27,18:59:09,Dinner,"[('Fish&Chips', 9), ('Salmon', 10)]",725.0,-37.8187564,144.9842151,0,8.943,15.4019891,False,2,False,True,False,15.183254609018903,0.2187344909810971
ORDX10904,2018-11-21,18:49:00,Dinner,"[('Shrimp', 9), ('Salmon', 1)]",527.0,-37.819369,144.9902648,0,5.81,12.4603765,False,2,True,False,False,12.708695628903946,-0.2483191289039457
ORDY09645,2018-02-01,09:00:50,Breakfast,"[('Coffee', 7), ('Cereal', 1)]",73.5,-37.8152876,144.9556252,0,8.475,11.3714921,False,0,False,False,True,10.900705655531713,0.47078644446828655
ORDZ01368,2018-08-31,15:56:37,Lunch,"[('Fries', 1), ('Salad', 7), ('Chicken', 3), ('Burger', 3), ('Steak', 8)]",681.4,-37.8018385,144.9633837,0,6.872,12.4283848,False,1,False,True,False,12.46646606662904,-0.038081266629040655
ORDK01706,2018-03-03,10:01:41,Breakfast,"[('Pancake', 5), ('Coffee', 4), ('Eggs', 4)]",239.25,-37.8222824,145.0155699,0,4.655,11.7772093,True,0,True,False,False,12.153768973442359,-0.3765596734423582
ORDB00807,2018-07-20,14:35:29,Lunch,"[('Fries', 3), ('Salad', 2)]",70.4,-37.8171439,144.9533633,0,8.593,12.6091609,False,1,False,False,True,11.780385147229618,0.8287757527703814
ORDX04603,2018-08-11,15:16:03,Lunch,"[('Chicken', 5), ('Fries', 8), ('Salad', 9), ('Burger', 7)]",627.8,-37.8106068,144.9887464,0,5.219,13.1609699,True,1,True,False,False,13.452982841283946,-0.2920129412839465
ORDJ10605,2018-09-30,16:57:27,Dinner,"[('Salmon', 9), ('Pasta', 10), ('Fish&Chips', 8), ('Shrimp', 5)]",1194.0,-37.7996998,144.9771516,0,10.193,15.9562078,True,2,False,False,True,16.12302171376978,-0.16681391376978105
ORDY06596,2018-08-03,15:05:54,Lunch,"[('Steak', 6), ('Burger', 4)]",394.0,-37.815786,145.0094576,0,11.748,14.5046094,False,1,False,False,True,14.748167561429884,-0.24355816142988473
ORDA00896,2018-09-11,16:16:54,Dinner,"[('Shrimp', 8), ('Fish&Chips', 8)]",712.0,-37.8178305,144.9487158,0,9.12,16.1476282,False,2,True,False,False,15.822280348714685,0.32534785128531496
ORDZ01572,2018-02-06,09:10:59,Breakfast,"[('Coffee', 6), ('Cereal', 4)]",129.0,-37.8218689,144.9791626,0,8.896,14.0759707,False,0,False,True,False,13.60168037246425,0.4742903275357495
ORDK04020,2018-03-30,10:52:23,Breakfast,"[('Coffee', 7), ('Cereal', 7), ('Eggs', 7)]",353.5,-37.8123177,144.9622963,0,7.666,12.5977227,False,0,True,False,False,12.917197441231417,-0.31947474123141717
ORDK10104,2018-04-10,11:12:40,Breakfast,"[('Coffee', 5), ('Eggs', 8), ('Pancake', 10)]",456.0,-37.8207611,144.9670767,0,7.924,13.0602233,False,0,True,False,False,13.159887730570139,-0.09966443057013841
ORDX03518,2018-03-21,10:32:06,Breakfast,"[('Eggs', 10), ('Cereal', 7), ('Pancake', 4)]",464.0,-37.8138969,144.9603552,0,7.93,12.6090614,False,0,True,False,False,13.165531690787319,-0.5564702907873187
ORDC04289,2018-06-14,13:24:30,Lunch,"[('Burger', 10), ('Salad', 10)]",482.0,-37.7991639,144.9677438,0,6.452,11.9542997,False,1,False,True,False,12.07138885142647,-0.11708915142646958
ORDA00117,2018-02-23,09:41:24,Breakfast,"[('Cereal', 4), ('Pancake', 1), ('Eggs', 3)]",174.25,-37.8236376,144.9673758,0,8.161,12.6577655,False,0,True,False,False,13.382824159148733,-0.7250586591487327
ORDK04433,2018-02-19,09:31:16,Breakfast,"[('Cereal', 6), ('Coffee', 5), ('Pancake', 3)]",236.25,-37.8067528,144.9463506,0,9.024,14.5483066,False,0,True,False,False,14.194613770386397,0.35369282961360327
ORDI00460,2018-05-31,12:54:05,Lunch,"[('Salad', 4), ('Chicken', 3), ('Burger', 5), ('Fries', 1)]",331.8,-37.8019303,144.9572928,0,7.483,12.8980935,False,1,False,True,False,13.041209348745163,-0.14311584874516292
ORDX02839,2018-08-30,15:56:37,Lunch,"[('Steak', 4), ('Chicken', 6), ('Burger', 6), ('Salad', 9)]",712.8,-37.7980886,144.9840412,0,6.68,12.728934,False,1,True,False,False,12.75838825296828,-0.029454252968278638
ORDI04000,2018-05-04,12:03:22,Lunch,"[('Burger', 9), ('Salad', 2), ('Chicken', 7), ('Steak', 9)]",942.4,-37.8003008,144.9587389,0,7.205,12.6022501,False,1,False,True,False,12.779705858682508,-0.17745575868250896
ORDI01981,2018-09-04,16:06:45,Dinner,"[('Shrimp', 7), ('Fish&Chips', 6)]",588.0,-37.7997727,144.9493612,0,8.215,14.7030488,False,2,False,True,False,14.49845410266778,0.2045946973322188
ORDY05311,2018-07-28,14:55:46,Lunch,"[('Chicken', 8), ('Steak', 3), ('Burger', 7)]",608.0,-37.8237043,144.9825536,0,8.651,13.3156319,True,1,False,False,True,13.903842330527917,-0.5882104305279174
ORDJ05051,2018-11-15,18:28:43,Dinner,"[('Fish&Chips', 9), ('Salmon', 4), ('Shrimp', 8)]",911.0,-37.8090105,144.9430268,0,9.941,13.7969485,False,2,False,False,True,13.81707648344934,-0.020127983449340192
ORDJ10767,2018-11-06,18:18:35,Dinner,"[('Salmon', 3), ('Fish&Chips', 1), ('Pasta', 9), ('Shrimp', 2)]",513.5,-37.8082532,144.9602574,0,8.748,12.9927341,False,2,False,False,True,12.694869060266798,0.29786503973320144
ORDZ07349,2018-01-21,08:40:33,Breakfast,"[('Eggs', 1), ('Pancake', 9)]",240.25,-37.8065794,144.966864,0,7.07,13.6226541,True,0,False,True,False,13.952934047568158,-0.33027994756815815
ORDJ01498,2018-02-01,09:00:50,Breakfast,"[('Pancake', 3), ('Eggs', 10)]",292.75,-37.8206466,144.9793256,0,8.773,11.2847764,False,0,False,False,True,11.181022346318299,0.10375405368170121
ORDI05866,2018-07-16,14:25:21,Lunch,"[('Steak', 7), ('Fries', 8), ('Burger', 10), ('Salad', 10), ('Chicken', 3)]",989.0,-37.8010812,145.0146905,0,10.401,15.4478274,False,1,False,True,False,15.786055334366836,-0.3382279343668362
ORDY01523,2018-02-12,09:21:07,Breakfast,"[('Coffee', 6), ('Eggs', 8), ('Cereal', 5), ('Pancake', 3)]",398.75,-37.8119836,144.97068,0,8.682,11.0110886,False,0,False,False,True,11.095422283024408,-0.08433368302440769
ORDZ04250,2018-11-15,18:28:43,Dinner,"[('Fish&Chips', 9), ('Salmon', 5), ('Shrimp', 10), ('Pasta', 5)]",1197.5,-37.8035792,144.9563362,0,7.741,13.9300057,False,2,False,True,False,14.052581245510591,-0.1225755455105908
ORDJ03263,2018-12-12,19:29:34,Dinner,"[('Shrimp', 1), ('Salmon', 4)]",218.0,-37.8253886,144.9458735,0,8.98,13.3959489,False,2,False,False,True,12.913102188664409,0.48284671133559165
ORDC10044,2018-05-10,12:13:31,Lunch,"[('Salad', 4), ('Steak', 10), ('Chicken', 6), ('Burger', 5)]",865.8,-37.7985159,144.9642037,0,6.904,11.6136769,False,1,False,True,False,12.496567187787333,-0.8828902877873332
ORDX04521,2018-05-18,12:33:48,Lunch,"[('Burger', 6), ('Steak', 8), ('Salad', 9)]",700.8,-37.8045374,144.9431479,0,9.221,14.5913067,False,1,True,False,False,15.148605404943835,-0.5572987049438343
ORDC04449,2018-12-27,20:00:00,Dinner,"[('Fish&Chips', 7), ('Salmon', 5)]",450.0,-37.8196908,144.9520403,0,9.391,15.1692388,False,2,False,True,False,15.604670305234979,-0.43543150523497864
ORDC05308,2018-12-11,19:29:34,Dinner,"[('Salmon', 10), ('Shrimp', 7), ('Fish&Chips', 10)]",1138.0,-37.8012931,144.956809,0,7.466,13.0467011,False,2,False,True,False,13.79389973555653,-0.7471986355565292
ORDX09274,2018-12-07,19:19:26,Dinner,"[('Fish&Chips', 7), ('Shrimp', 4)]",461.0,-37.8177787,144.9572975,0,8.465,15.6877323,False,2,True,False,False,15.206148025005914,0.48158427499408596
ORDI10537,2018-06-27,13:44:47,Lunch,"[('Fries', 2), ('Steak', 2), ('Chicken', 2)]",178.0,-37.8023344,144.9706342,0,6.42,11.6943625,False,1,False,True,False,12.041287730268179,-0.34692523026817845
ORDC06195,2018-05-13,12:23:39,Lunch,"[('Steak', 4), ('Burger', 10), ('Salad', 3), ('Fries', 3), ('Chicken', 5)]",737.6,-37.7995883,144.9581747,0,7.38,14.8622647,True,1,False,True,False,15.01322026621581,-0.15095556621580997
ORDZ04636,2018-04-12,11:12:40,Breakfast,"[('Coffee', 6), ('Eggs', 3)]",111.0,-37.8240744,144.9887577,0,9.576,14.5966743,False,0,False,True,False,14.241329197077935,0.35534510292206534
ORDA10037,2018-07-12,14:25:21,Lunch,"[('Chicken', 9), ('Steak', 3), ('Burger', 9), ('Salad', 7)]",822.4,-37.7998537,144.9762149,0,7.151,12.9130721,False,1,True,False,False,13.201439130016876,-0.28836703001687525
ORDA03745,2018-09-30,16:57:27,Dinner,"[('Fish&Chips', 4), ('Shrimp', 3)]",302.0,-37.8243639,144.9916268,0,6.696,16.1624306,True,2,True,False,False,15.611019322173028,0.551411277826972
ORDA08246,2018-01-05,08:00:00,Breakfast,"[('Pancake', 2), ('Coffee', 6), ('Eggs', 3)]",159.5,-37.8118268,144.9405883,1,9.66,10.9751973,False,0,True,False,False,8.098301216094534,2.876896083905466
ORDK02830,2018-05-30,12:54:05,Lunch,"[('Burger', 5), ('Chicken', 4), ('Fries', 8), ('Salad', 5)]",465.0,-37.8176215,144.9909744,0,5.585,11.1582835,False,1,True,False,False,11.728365513333005,-0.5700820133330051
ORDZ08297,2018-03-21,10:32:06,Breakfast,"[('Pancake', 3), ('Eggs', 10), ('Cereal', 3)]",355.75,-37.8160186,144.9610975,0,8.408,13.2984959,False,0,False,True,False,13.142638274800309,0.15585762519969215
ORDB08498,2018-10-16,17:27:53,Dinner,"[('Pasta', 9), ('Shrimp', 2), ('Salmon', 8), ('Fish&Chips', 1)]",718.5,-37.8224899,144.9932873,0,9.79,13.7013765,False,2,False,False,True,13.675036817983653,0.02633968201634751
ORDA03926,2018-01-27,08:50:42,Breakfast,"[('Cereal', 1), ('Eggs', 6), ('Pancake', 1), ('Coffee', 7)]",229.75,-37.8228248,144.9579492,0,8.552,16.096742,True,0,True,False,False,15.8195211345005,0.2772208654994994
ORDX06917,2018-07-06,14:05:04,Lunch,"[('Chicken', 8), ('Burger', 6), ('Fries', 8)]",538.0,-37.8204822,144.9948056,0,5.512,11.5308019,False,1,True,False,False,11.659697330690653,-0.1288954306906529
ORDI03971,2018-05-08,12:13:31,Lunch,"[('Burger', 4), ('Fries', 8), ('Salad', 8), ('Chicken', 7)]",581.6,-37.8186157,144.9653369,0,8.559,14.364469,False,1,False,True,False,14.053359547692702,0.3111094523072975
ORDJ04981,2018-06-25,13:44:47,Lunch,"[('Salad', 2), ('Fries', 7), ('Chicken', 3), ('Steak', 10)]",664.4,-37.8045552,144.9160408,0,12.379,15.7283473,False,1,False,False,True,15.341724044269938,0.3866232557300613
ORDJ05816,2018-12-29,20:00:00,Dinner,"[('Shrimp', 7), ('Salmon', 10)]",788.0,-37.8094988,144.957498,0,8.917,14.2615098,True,2,False,False,True,14.922739507582921,-0.6612297075829208
ORDB00241,2018-11-24,18:49:00,Dinner,"[('Shrimp', 10), ('Salmon', 8), ('Pasta', 7)]",1060.5,-37.8048861,144.9586631,0,9.152,14.6850899,True,2,False,False,True,15.14379461608912,-0.45870471608912133
ORDX06886,2018-11-22,18:49:00,Dinner,"[('Salmon', 2), ('Shrimp', 4), ('Fish&Chips', 1)]",333.0,-37.8185829,144.9827401,0,6.436,13.0982254,False,2,True,False,False,13.297548811563017,-0.19932341156301625
ORDA01277,2018-09-21,16:37:10,Dinner,"[('Fish&Chips', 1), ('Pasta', 8)]",255.0,-37.8201245,144.9583277,0,8.296,15.6090455,False,2,True,False,False,15.047176478888689,0.5618690211113115
ORDY04617,2018-04-25,11:43:05,Breakfast,"[('Coffee', 4), ('Eggs', 5), ('Pancake', 9), ('Cereal', 7)]",505.25,-37.8190265,144.9525854,0,8.597,11.2830411,False,0,False,False,True,11.015466179947698,0.26757492005230255
ORDY10773,2018-11-03,18:08:27,Dinner,"[('Salmon', 1), ('Pasta', 1)]",68.5,-37.8062074,144.9785247,0,9.654,15.6859561,True,2,False,False,True,15.616005954259814,0.06995014574018654
ORDC06328,2018-01-30,08:50:42,Breakfast,"[('Pancake', 9), ('Cereal', 8), ('Coffee', 1), ('Eggs', 7)]",547.75,-37.8071832,144.950629,0,8.501,13.1986808,False,0,False,True,False,13.230119658166592,-0.03143885816659164
ORDJ03902,2018-02-07,09:10:59,Breakfast,"[('Coffee', 3), ('Eggs', 7), ('Pancake', 2)]",225.0,-37.8135325,144.9609245,0,8.34,10.8916963,False,0,False,False,True,10.773716550645172,0.11797974935482713
ORDA10012,2018-05-18,12:33:48,Lunch,"[('Chicken', 8), ('Burger', 8), ('Fries', 10)]",624.0,-37.8148074,144.9576239,0,8.253,14.444586,False,1,True,False,False,14.238046489905528,0.2065395100944709
ORDC08580,2018-11-26,18:49:00,Dinner,"[('Salmon', 8), ('Pasta', 5), ('Shrimp', 5)]",735.5,-37.8043204,145.0010742,0,9.387,15.6927242,False,2,False,True,False,15.600907665090192,0.09181653490980857
ORDC03848,2018-03-08,10:11:49,Breakfast,"[('Cereal', 8), ('Eggs', 5)]",278.0,-37.8186547,144.9838691,0,8.983,14.3401468,False,0,False,True,False,13.683517795613353,0.6566290043866463
ORDC10455,2018-01-27,08:50:42,Breakfast,"[('Coffee', 4), ('Pancake', 5), ('Cereal', 1)]",172.25,-37.8054874,144.9429733,0,9.131,16.2503135,True,0,False,True,False,15.891634382169347,0.3586791178306541
ORDY01943,2018-03-28,10:52:23,Breakfast,"[('Eggs', 6), ('Pancake', 1), ('Cereal', 1)]",177.25,-37.8006001,144.992611,0,11.283,13.3502914,False,0,False,False,True,13.542079037171758,-0.19178763717175862
ORDY04116,2018-07-30,14:55:46,Lunch,"[('Chicken', 6), ('Burger', 7), ('Fries', 4)]",457.0,-37.8096117,144.9723552,0,9.108,12.7726968,False,1,False,False,True,12.264825065870866,0.5078717341291341
ORDJ06103,2018-07-29,14:55:46,Lunch,"[('Salad', 4), ('Chicken', 2), ('Fries', 1)]",144.8,-37.8150746,144.9451143,0,9.554,14.5103598,True,1,False,False,True,14.753258343213448,-0.24289854321344784
ORDY00173,2018-04-23,11:43:05,Breakfast,"[('Cereal', 9), ('Pancake', 7), ('Eggs', 6), ('Coffee', 10)]",565.75,-37.8250542,144.9985609,0,10.151,12.9242249,False,0,False,False,True,12.47725187619721,0.4469730238027907
ORDZ00033,2018-01-23,08:40:33,Breakfast,"[('Coffee', 6), ('Eggs', 6), ('Cereal', 6), ('Pancake', 2)]",351.5,-37.8190763,144.9541813,0,9.187,14.7520917,False,0,False,True,False,13.875412442997458,0.8766792570025412
ORDJ05875,2018-05-19,12:33:48,Lunch,"[('Fries', 1), ('Salad', 3), ('Chicken', 6)]",255.6,-37.80372,144.9693494,0,9.583,14.1749715,True,1,False,False,True,14.780537484263148,-0.6055659842631478
ORDC07935,2018-10-17,17:38:01,Dinner,"[('Shrimp', 6), ('Fish&Chips', 1)]",359.0,-37.8029757,144.9515461,0,8.124,14.2043783,False,2,False,True,False,14.41285403937389,-0.20847573937389008
ORDI04732,2018-07-30,14:55:46,Lunch,"[('Burger', 9), ('Chicken', 8), ('Salad', 1), ('Steak', 5), ('Fries', 2)]",801.2,-37.8121475,144.9737734,0,7.631,13.4740477,False,1,False,True,False,13.180427034102259,0.29362066589774116
ORDC04938,2018-11-29,18:59:09,Dinner,"[('Shrimp', 6), ('Fish&Chips', 10), ('Salmon', 5)]",879.0,-37.8123366,144.9698475,0,7.494,13.6592207,False,2,False,True,False,13.820238216570033,-0.16101751657003227
ORDC05485,2018-07-28,14:55:46,Lunch,"[('Burger', 4), ('Chicken', 8), ('Salad', 6), ('Fries', 10)]",603.2,-37.8093125,144.9581717,0,7.884,15.4438563,True,1,False,True,False,15.487312924458895,-0.04345662445889431
ORDX04035,2018-07-29,14:55:46,Lunch,"[('Fries', 6), ('Salad', 7), ('Burger', 3)]",285.4,-37.8144776,144.9661276,0,7.514,15.2848574,True,1,True,False,False,15.61179762435514,-0.32694022435513936
ORDX05717,2018-06-07,13:14:21,Lunch,"[('Burger', 8), ('Chicken', 1), ('Fries', 10), ('Salad', 8)]",537.6,-37.8184816,144.9442466,0,9.826,15.7643347,False,1,True,False,False,15.717704726842776,0.0466299731572235
ORDX05889,2018-09-17,16:37:10,Dinner,"[('Fish&Chips', 10), ('Shrimp', 3), ('Pasta', 7)]",704.5,-37.8194812,145.0077188,0,4.228,11.3344388,False,2,True,False,False,11.220571451640929,0.11386734835907042
ORDA07642,2018-08-13,15:26:11,Lunch,"[('Salad', 2), ('Steak', 10)]",484.4,-37.8244434,144.9702946,0,8.103,13.7668225,False,1,True,False,False,14.096947484476038,-0.3301249844760381
ORDJ05585,2018-08-21,15:36:20,Lunch,"[('Burger', 5), ('Steak', 4), ('Salad', 10), ('Fries', 4), ('Chicken', 8)]",811.0,-37.8179448,144.9676096,0,7.725,11.0624955,False,1,False,False,True,10.963892235810972,0.09860326418902865
ORDY01648,2018-05-21,12:33:48,Lunch,"[('Burger', 1), ('Fries', 3), ('Salad', 6)]",170.2,-37.8055627,144.9576716,0,9.175,12.2690325,False,1,False,False,True,12.32784928829604,-0.0588167882960402
ORDB01845,2018-05-22,12:33:48,Lunch,"[('Steak', 1), ('Salad', 8)]",182.6,-37.8068734,144.9453665,0,10.099,12.9170511,False,1,False,False,True,13.197019161741695,-0.27996806174169464
ORDJ02966,2018-07-30,14:55:46,Lunch,"[('Fries', 8), ('Steak', 5)]",321.0,-37.8121475,144.9737734,0,8.79,12.3469713,False,1,False,False,True,11.965695174360347,0.3812761256396531
ORDA10285,2018-07-26,14:45:38,Lunch,"[('Burger', 8), ('Chicken', 6), ('Fries', 4), ('Steak', 3)]",623.0,-37.8037919,144.9602993,0,7.883,14.0265199,False,1,True,False,False,13.890002276512787,0.1365176234872134
ORDZ00550,2018-08-07,15:16:03,Lunch,"[('Burger', 5), ('Salad', 4), ('Steak', 10)]",673.8,-37.8110414,144.9886748,0,8.59,14.4605611,False,1,False,True,False,14.082520008814797,0.378041091185203
ORDY10841,2018-03-04,10:01:41,Breakfast,"[('Coffee', 4), ('Eggs', 1), ('Pancake', 10), ('Cereal', 2)]",336.5,-37.8198062,145.0016147,0,10.851,14.5408723,True,0,False,False,True,15.204612802733726,-0.6637405027337255
ORDY02825,2018-03-04,10:01:41,Breakfast,"[('Eggs', 4), ('Pancake', 7), ('Cereal', 6), ('Coffee', 4)]",413.75,-37.8058859,144.950894,0,9.593,13.2145746,True,0,False,False,True,14.021262477198407,-0.8066878771984065
ORDI00295,2018-06-30,13:54:55,Lunch,"[('Chicken', 7), ('Burger', 7)]",441.0,-37.8052912,144.9508113,0,8.355,15.96675,True,1,False,True,False,15.930363801507493,0.03638619849250624
ORDY05244,2018-03-26,10:42:15,Breakfast,"[('Eggs', 9), ('Cereal', 9)]",387.0,-37.8167689,144.9518896,0,10.11,12.5537648,False,0,False,False,True,12.43868481471315,0.11507998528684915
ORDJ11094,2018-03-04,10:01:41,Breakfast,"[('Pancake', 5), ('Cereal', 5)]",226.25,-37.8132093,145.0144442,0,12.443,15.6237325,True,0,False,False,True,16.702143580358708,-1.078411080358709
ORDI09579,2018-04-02,10:52:23,Breakfast,"[('Coffee', 2), ('Eggs', 2)]",59.0,-37.8131901,144.951289,0,8.592,12.7625656,False,0,False,True,False,13.315719721460484,-0.5531541214604836
ORDB02281,2018-10-26,17:48:10,Dinner,"[('Fish&Chips', 9), ('Shrimp', 1), ('Pasta', 4)]",479.0,-37.8104033,144.9608098,0,8.54,12.9049157,False,2,False,False,True,12.499211772737905,0.4057039272620955
ORDC09073,2018-06-30,13:54:55,Lunch,"[('Steak', 3), ('Salad', 1), ('Burger', 3)]",245.2,-37.8170884,144.9851417,0,8.848,16.3849378,True,1,False,True,False,16.394109199352418,-0.009171399352418064
ORDC03990,2018-03-22,10:32:06,Breakfast,"[('Pancake', 7), ('Cereal', 9)]",358.75,-37.8145419,145.0139865,0,10.987,15.581061,False,0,False,True,False,15.568600508151334,0.012460491848665711
ORDK02527,2018-05-22,12:33:48,Lunch,"[('Chicken', 8), ('Salad', 4), ('Burger', 3), ('Steak', 10), ('Fries', 4)]",915.8,-37.8072309,144.9452928,0,9.223,14.9255384,False,1,True,False,False,15.150486725016227,-0.22494832501622675
ORDB09115,2018-09-09,16:16:54,Dinner,"[('Shrimp', 6), ('Pasta', 7), ('Salmon', 10), ('Fish&Chips', 5)]",1101.5,-37.8105621,144.9424712,0,11.009,16.6148252,True,2,False,False,True,16.890600303306204,-0.2757751033062057
ORDI07014,2018-09-22,16:47:19,Dinner,"[('Pasta', 1), ('Salmon', 9)]",396.5,-37.8005779,144.9714374,0,6.216,14.7614078,True,2,False,True,False,14.686973591509679,0.074434208490322
ORDA07757,2018-08-31,15:56:37,Lunch,"[('Fries', 7), ('Salad', 3), ('Chicken', 2)]",199.6,-37.8071676,144.9627346,0,7.484,13.2536512,False,1,True,False,False,13.514678922070344,-0.2610277220703434
ORDZ07359,2018-02-07,09:10:59,Breakfast,"[('Coffee', 9), ('Cereal', 1)]",88.5,-37.8050968,144.9287544,0,10.498,15.3564737,False,0,False,True,False,15.108617750451197,0.24785594954880352
ORDY03798,2018-03-18,10:32:06,Breakfast,"[('Pancake', 6), ('Cereal', 4), ('Eggs', 4), ('Coffee', 2)]",332.5,-37.8134111,144.9738114,0,8.604,12.3722501,True,0,False,False,True,13.09094970139997,-0.7186996013999689
ORDK01665,2018-10-10,17:17:44,Dinner,"[('Fish&Chips', 1), ('Pasta', 10)]",310.0,-37.8116985,144.9528899,0,8.49,15.4604969,False,2,True,False,False,15.22966452591083,0.23083237408917157
ORDI04357,2018-02-14,09:21:07,Breakfast,"[('Coffee', 3), ('Eggs', 8), ('Pancake', 4)]",295.5,-37.8251249,144.9919938,0,9.793,14.572711,False,0,False,True,False,14.445452424932595,0.12725857506740468
ORDJ02011,2018-03-24,10:42:15,Breakfast,"[('Cereal', 1), ('Coffee', 1), ('Eggs', 10)]",248.5,-37.816662,144.9273907,0,11.431,14.8306749,True,0,False,False,True,15.750195623727754,-0.9195207237277536
ORDB04475,2018-12-16,19:29:34,Dinner,"[('Pasta', 5), ('Salmon', 1), ('Fish&Chips', 3)]",283.5,-37.8145113,144.9383584,0,10.291,15.7621338,True,2,False,False,True,16.215206397317047,-0.4530725973170462
ORDK05969,2018-12-18,19:39:43,Dinner,"[('Pasta', 7), ('Salmon', 8)]",520.5,-37.8186918,144.9815676,0,6.504,13.2707924,False,2,True,False,False,13.361513694024385,-0.09072129402438556
ORDK06882,2018-03-24,10:42:15,Breakfast,"[('Cereal', 10), ('Pancake', 8), ('Coffee', 7), ('Eggs', 8)]",632.5,-37.8200052,145.0164213,0,4.658,11.7751763,True,0,True,False,False,12.15659095355095,-0.3814146535509497
ORDY08317,2018-09-13,16:27:02,Dinner,"[('Pasta', 6), ('Salmon', 1), ('Shrimp', 8)]",638.0,-37.80317,144.9571893,0,9.657,13.3830126,False,2,False,False,True,13.549929033169505,-0.16691643316950433
ORDJ02167,2018-06-18,13:34:38,Lunch,"[('Chicken', 5), ('Salad', 7), ('Steak', 5), ('Burger', 8)]",753.4,-37.8104326,144.9242474,0,11.765,14.4298757,False,1,False,False,True,14.764158782045227,-0.3342830820452267
ORDK08472,2018-08-02,15:05:54,Lunch,"[('Steak', 10), ('Burger', 7), ('Chicken', 7), ('Fries', 10)]",1011.0,-37.799561,144.9636652,0,8.136,14.2828176,False,1,True,False,False,14.127989265670525,0.15482833432947452
ORDI03955,2018-10-29,17:58:18,Dinner,"[('Salmon', 7), ('Pasta', 1), ('Fish&Chips', 10), ('Shrimp', 9)]",1150.5,-37.8151528,145.0060579,0,10.431,16.121258,False,2,False,True,False,16.58295674287944,-0.46169874287943813
ORDC02527,2018-01-25,08:40:33,Breakfast,"[('Coffee', 10), ('Cereal', 3), ('Pancake', 9)]",356.25,-37.8246794,144.9923015,0,9.848,14.7152973,False,0,False,True,False,14.49718872692341,0.2181085730765897
ORDZ04194,2018-07-29,14:55:46,Lunch,"[('Burger', 3), ('Chicken', 2), ('Fries', 1)]",169.0,-37.8114892,144.9647681,0,7.601,15.5046482,True,1,False,True,False,15.221106134215258,0.28354206578474184
ORDY02078,2018-03-01,09:51:32,Breakfast,"[('Coffee', 1), ('Eggs', 3), ('Cereal', 6)]",199.5,-37.8201205,144.9400868,0,9.687,12.2069539,False,0,False,False,True,12.040785619401989,0.16616828059801136
ORDI00342,2018-11-17,18:38:52,Dinner,"[('Salmon', 5), ('Pasta', 9)]",452.5,-37.7989278,144.9692712,0,6.355,14.3951728,True,2,False,True,False,14.817725336541006,-0.4225525365410068
ORDX06258,2018-03-06,10:01:41,Breakfast,"[('Coffee', 9), ('Eggs', 6), ('Pancake', 7)]",369.25,-37.8128773,144.9526704,0,8.443,13.0345818,False,0,True,False,False,13.648090289356173,-0.6135084893561729
ORDC03100,2018-06-25,13:44:47,Lunch,"[('Chicken', 8), ('Fries', 6), ('Steak', 3), ('Salad', 3)]",514.6,-37.8241555,144.9839057,0,9.481,14.6890884,False,1,False,True,False,14.920648101065964,-0.23155970106596513
ORDI09233,2018-05-25,12:43:56,Lunch,"[('Salad', 10), ('Chicken', 2), ('Burger', 8), ('Steak', 3)]",619.0,-37.8250986,144.9569029,0,9.72,15.0250248,False,1,False,True,False,15.145465849716953,-0.12044104971695191
ORDY08479,2018-08-02,15:05:54,Lunch,"[('Burger', 10), ('Fries', 7), ('Salad', 1), ('Chicken', 3), ('Steak', 6)]",777.2,-37.7997046,144.9550666,0,9.828,13.0321986,False,1,False,False,True,12.942100291932416,0.09009830806758323
ORDI04753,2018-10-02,17:07:36,Dinner,"[('Shrimp', 10), ('Salmon', 10)]",950.0,-37.8006424,144.9776168,0,6.842,12.9861618,False,2,False,True,False,13.206927872969851,-0.22076607296985173
ORDC02888,2018-11-26,18:59:09,Dinner,"[('Pasta', 5), ('Fish&Chips', 2)]",207.5,-37.8009594,144.9566969,0,7.443,12.9509545,False,2,False,True,False,13.772264554724005,-0.8213100547240053
ORDJ05907,2018-12-12,19:29:34,Dinner,"[('Pasta', 7), ('Fish&Chips', 2)]",262.5,-37.8144668,144.9639338,0,8.006,12.2047177,False,2,False,False,True,11.996899313408923,0.207818386591077
ORDC03080,2018-04-10,11:12:40,Breakfast,"[('Eggs', 1), ('Cereal', 3), ('Pancake', 10), ('Coffee', 8)]",387.5,-37.8079469,144.9735065,0,7.111,11.7682891,False,0,False,True,False,11.92260220785332,-0.1543131078533193
ORDB05391,2018-07-20,14:35:29,Lunch,"[('Burger', 7), ('Chicken', 2), ('Salad', 1), ('Fries', 2), ('Steak', 4)]",502.2,-37.8122934,144.9540216,0,8.861,12.4348635,False,1,False,False,True,12.032482036930308,0.4023814630696929
ORDY04868,2018-10-24,17:48:10,Dinner,"[('Salmon', 5), ('Shrimp', 2)]",313.0,-37.8104114,144.9615968,0,8.626,12.6303212,False,2,False,False,True,12.580108535850814,0.05021266414918557
ORDI11083,2018-08-29,15:56:37,Lunch,"[('Salad', 6), ('Burger', 4), ('Steak', 6)]",497.2,-37.8130502,144.9513876,0,8.584,14.7154497,False,1,False,True,False,14.076876048597617,0.6385736514023836
ORDY05400,2018-02-27,09:51:32,Breakfast,"[('Pancake', 8), ('Coffee', 5)]",231.5,-37.8102168,144.9779758,0,9.2,11.9252327,False,0,False,False,True,11.582684181774246,0.3425485182257546
ORDB08228,2018-03-11,10:11:49,Breakfast,"[('Eggs', 8), ('Cereal', 8), ('Coffee', 5)]",381.5,-37.8103335,144.980929,0,9.361,13.6088733,True,0,False,False,True,13.803029348800797,-0.19415604880079584
ORDB05922,2018-06-15,13:24:30,Lunch,"[('Chicken', 5), ('Fries', 4), ('Burger', 3), ('Steak', 7)]",616.0,-37.8125569,144.9428713,0,9.85,13.3969514,False,1,False,False,True,12.962794812728742,0.43415658727125894
ORDB03425,2018-04-24,11:43:05,Breakfast,"[('Cereal', 6), ('Coffee', 5), ('Pancake', 6)]",309.0,-37.818826,144.9531568,0,8.533,11.3021027,False,0,False,False,True,10.955263937631115,0.3468387623688862
ORDZ00251,2018-05-07,12:03:22,Lunch,"[('Chicken', 8), ('Fries', 3), ('Burger', 6), ('Steak', 5)]",703.0,-37.8134098,144.9621127,0,8.021,13.6580228,False,1,False,True,False,13.547284448218933,0.11073835178106606
ORDB08206,2018-10-21,17:38:01,Dinner,"[('Pasta', 4), ('Fish&Chips', 9), ('Shrimp', 6)]",749.0,-37.8202322,144.9687329,0,7.623,14.2266656,True,2,False,False,True,13.705525420744523,0.5211401792554771
ORDZ00214,2018-12-12,19:29:34,Dinner,"[('Shrimp', 2), ('Salmon', 9)]",477.0,-37.8249668,144.9577837,0,9.639,15.804353,False,2,False,True,False,15.837953994211734,-0.03360099421173324
ORDK08009,2018-04-14,11:22:49,Breakfast,"[('Eggs', 4), ('Coffee', 7)]",140.5,-37.817935,144.9939182,0,5.322,12.5891696,True,0,True,False,False,12.781189217585489,-0.1920196175854887
ORDK07510,2018-01-26,08:40:33,Breakfast,"[('Coffee', 8), ('Eggs', 8), ('Pancake', 10)]",478.5,-37.8071908,144.9578618,0,7.991,12.9569031,False,0,True,False,False,13.222911952995311,-0.2660088529953111
ORDA09245,2018-02-03,09:00:50,Breakfast,"[('Eggs', 1), ('Pancake', 10), ('Coffee', 3), ('Cereal', 5)]",392.0,-37.8091095,144.9557326,0,8.163,15.9431397,True,0,True,False,False,15.453604380420023,0.48953531957997676
ORDC07657,2018-02-23,09:41:24,Breakfast,"[('Eggs', 3), ('Pancake', 1), ('Coffee', 3)]",112.75,-37.8066191,144.9324223,0,10.183,15.2087654,False,0,False,True,False,14.81230983904927,0.39645556095073076
ORDA07038,2018-06-03,13:04:13,Lunch,"[('Salad', 10), ('Burger', 7), ('Steak', 2)]",479.0,-37.7998614,144.9932054,0,5.778,14.0773747,True,1,True,False,False,13.978811801517844,0.0985628984821556
ORDX09103,2018-12-18,19:39:43,Dinner,"[('Pasta', 8), ('Salmon', 1), ('Shrimp', 8), ('Fish&Chips', 7)]",938.0,-37.8019436,144.95971,0,8.133,15.0603736,False,2,True,False,False,14.893848892988643,0.1665247070113569
ORDC08660,2018-01-31,08:50:42,Breakfast,"[('Coffee', 5), ('Cereal', 3), ('Eggs', 1), ('Pancake', 4)]",219.5,-37.8003449,144.9831805,0,7.346,11.9551902,False,0,False,True,False,12.143657316359521,-0.1884671163595204
ORDB07462,2018-04-15,11:22:49,Breakfast,"[('Eggs', 4), ('Pancake', 5), ('Cereal', 7), ('Coffee', 2)]",371.25,-37.8143354,145.0116614,0,12.345,15.7058119,True,0,False,False,True,16.60995889681144,-0.9041469968114413
ORDY02467,2018-07-16,14:25:21,Lunch,"[('Fries', 10), ('Salad', 1)]",137.2,-37.8142605,144.943144,0,9.822,13.1874517,False,1,False,False,True,12.936456331715236,0.2509953682847641
ORDY00045,2018-11-11,18:18:35,Dinner,"[('Pasta', 6), ('Shrimp', 6), ('Salmon', 1)]",530.0,-37.802779,144.9592497,0,9.404,14.9045919,True,2,False,False,True,15.380840945210664,-0.4762490452106647
ORDI04029,2018-07-16,14:25:21,Lunch,"[('Steak', 7), ('Burger', 10), ('Salad', 3), ('Fries', 3)]",712.6,-37.8141249,144.9724314,0,7.862,13.7433305,False,1,False,True,False,13.397719502463675,0.3456109975363262
ORDK03601,2018-07-10,14:15:12,Lunch,"[('Chicken', 8), ('Burger', 8), ('Fries', 10), ('Salad', 9)]",778.8,-37.8245097,144.9828807,0,7.058,13.0973194,False,1,True,False,False,13.113957746650593,-0.01663834665059305
ORDZ07126,2018-10-07,17:17:44,Dinner,"[('Salmon', 8), ('Pasta', 6), ('Fish&Chips', 10)]",843.0,-37.819802,144.9612877,0,8.908,16.5710146,True,2,False,True,False,17.21923040895092,-0.6482158089509191
ORDY02936,2018-02-08,09:10:59,Breakfast,"[('Eggs', 4), ('Coffee', 5), ('Pancake', 4)]",222.5,-37.8153988,144.9574889,0,8.273,11.490552,False,0,False,False,True,10.71069232822,0.7798596717799988
ORDA07613,2018-01-22,08:40:33,Breakfast,"[('Pancake', 3), ('Coffee', 5)]",110.25,-37.8027963,144.9749412,0,6.941,12.1921438,False,0,True,False,False,12.235218914988884,-0.04307511498888417
ORDI04723,2018-10-24,17:48:10,Dinner,"[('Salmon', 6), ('Fish&Chips', 4), ('Shrimp', 6)]",710.0,-37.8191694,144.9639118,0,8.756,15.2742146,False,2,False,True,False,15.007351182250138,0.2668634177498621
ORDI10496,2018-10-09,17:17:44,Dinner,"[('Fish&Chips', 5), ('Shrimp', 3), ('Pasta', 10), ('Salmon', 2)]",694.0,-37.8119873,144.9522871,0,8.588,14.7811513,False,2,False,True,False,14.84932029616911,-0.06816899616910987
ORDY00875,2018-10-31,17:58:18,Dinner,"[('Fish&Chips', 6), ('Pasta', 7), ('Salmon', 5)]",607.5,-37.8073586,144.9737662,0,9.348,13.5173747,False,2,False,False,True,13.259265081984758,0.2581096180152418
ORDC05145,2018-05-28,12:54:05,Lunch,"[('Fries', 7), ('Chicken', 5), ('Steak', 10), ('Burger', 5)]",849.0,-37.8089529,144.9463694,0,8.938,14.3668927,False,1,False,True,False,14.409869701411214,-0.042977001411214744
ORDC08911,2018-05-26,12:43:56,Lunch,"[('Steak', 5), ('Chicken', 4), ('Burger', 2), ('Salad', 6)]",518.2,-37.8236258,144.9808734,0,9.114,16.508152,True,1,False,True,False,16.644324768980713,-0.13617276898071395
ORDX08238,2018-05-18,12:33:48,Lunch,"[('Burger', 5), ('Chicken', 6), ('Steak', 4), ('Fries', 6)]",599.0,-37.8045374,144.9431479,0,9.221,15.3027482,False,1,True,False,False,15.148605404943835,0.15414279505616513
ORDZ08274,2018-04-18,11:32:57,Breakfast,"[('Cereal', 6), ('Eggs', 9)]",324.0,-37.8175101,144.9958051,0,9.812,14.5849384,False,0,False,True,False,14.463324965620332,0.1216134343796682
ORDC02335,2018-11-17,18:38:52,Dinner,"[('Salmon', 8), ('Fish&Chips', 5), ('Shrimp', 2), ('Pasta', 9)]",858.5,-37.8013327,144.966248,0,6.517,14.5103417,True,2,False,True,False,14.970112262404854,-0.45977056240485403
ORDY09201,2018-09-08,16:16:54,Dinner,"[('Salmon', 10), ('Shrimp', 7), ('Fish&Chips', 1), ('Pasta', 3)]",905.5,-37.8154936,144.9388089,0,10.322,16.0642542,True,2,False,False,True,16.24436685843914,-0.18011265843913904
ORDK03298,2018-12-19,19:39:43,Dinner,"[('Shrimp', 5), ('Pasta', 9), ('Fish&Chips', 3), ('Salmon', 10)]",1032.5,-37.8211434,144.9548976,0,8.605,15.4277268,False,2,True,False,False,15.337840430073438,0.08988636992656218
ORDX04604,2018-06-04,13:04:13,Lunch,"[('Fries', 3), ('Chicken', 5)]",196.0,-37.8022422,144.9328757,0,10.353,16.4446825,False,1,True,False,False,16.21343256591838,0.23124993408161743
ORDI03578,2018-02-14,09:21:07,Breakfast,"[('Eggs', 2), ('Coffee', 2)]",59.0,-37.8248666,144.9915759,0,9.746,15.0109659,False,0,False,True,False,14.401241403231356,0.6097244967686439
ORDC06382,2018-04-06,11:02:32,Breakfast,"[('Coffee', 5), ('Cereal', 2)]",79.5,-37.8234727,144.9788056,0,8.936,13.4840393,False,0,False,True,False,13.639306773912113,-0.15526747391211337
ORDI01115,2018-10-10,17:17:44,Dinner,"[('Salmon', 2), ('Shrimp', 2), ('Pasta', 6), ('Fish&Chips', 8)]",635.0,-37.8122377,144.9535131,0,8.521,14.5575836,False,2,False,True,False,14.786296073743939,-0.22871247374393988
ORDB09544,2018-11-29,18:59:09,Dinner,"[('Shrimp', 5), ('Fish&Chips', 6), ('Salmon', 9)]",849.0,-37.8123366,144.9698475,0,8.586,12.457313,False,2,False,False,True,12.542482134402949,-0.08516913440294971
ORDX02668,2018-06-21,13:34:38,Lunch,"[('Burger', 3), ('Fries', 2), ('Steak', 4), ('Chicken', 8), ('Salad', 3)]",604.6,-37.8164251,144.9458711,0,9.264,14.9834129,False,1,True,False,False,15.189053786500287,-0.20564088650028722
ORDK02778,2018-08-26,15:46:28,Lunch,"[('Fries', 4), ('Chicken', 2), ('Burger', 6), ('Salad', 2), ('Steak', 2)]",422.4,-37.8025663,144.9931222,0,5.467,14.0027097,True,1,True,False,False,13.686266530260703,0.31644316973929776
ORDY09374,2018-07-23,14:45:38,Lunch,"[('Burger', 6), ('Steak', 8), ('Chicken', 4), ('Fries', 5), ('Salad', 10)]",906.0,-37.8224327,145.0077752,0,11.259,14.245949,False,1,False,False,True,14.288184803729749,-0.04223580372974922
ORDC05496,2018-05-04,12:03:22,Lunch,"[('Fries', 4), ('Steak', 4)]",228.0,-37.7999692,144.9351234,0,6.654,12.0903449,False,1,False,True,False,12.261402178738182,-0.1710572787381821
ORDA01989,2018-05-20,12:33:48,Lunch,"[('Chicken', 9), ('Burger', 6), ('Fries', 10), ('Salad', 3)]",645.6,-37.8173651,145.0162753,0,5.201,13.320185,True,1,True,False,False,13.436050960632407,-0.11586596063240684
ORDC04792,2018-06-14,13:24:30,Lunch,"[('Steak', 9), ('Fries', 5), ('Burger', 9)]",744.0,-37.8271233,144.9851161,0,9.641,14.7618176,False,1,False,True,False,15.071153706857421,-0.30933610685742075
ORDY04250,2018-04-06,11:02:32,Breakfast,"[('Coffee', 10), ('Eggs', 1), ('Pancake', 3)]",169.75,-37.8262923,144.9381162,0,10.373,12.9077989,False,0,False,False,True,12.686078404232855,0.22172049576714414
ORDI02313,2018-09-14,16:27:02,Dinner,"[('Salmon', 10), ('Fish&Chips', 9), ('Shrimp', 9)]",1211.0,-37.812587,144.965275,0,7.733,13.3020313,False,2,False,True,False,14.04505596522102,-0.7430246652210197
ORDJ07426,2018-02-08,09:10:59,Breakfast,"[('Eggs', 9), ('Cereal', 9), ('Pancake', 6)]",532.5,-37.8233446,144.9814779,0,8.623,11.1725848,False,0,False,False,True,11.039923340888809,0.13266145911119054
ORDB05129,2018-04-10,11:12:40,Breakfast,"[('Cereal', 6), ('Pancake', 7), ('Coffee', 8)]",355.75,-37.8243552,144.9802213,0,8.991,11.5907886,False,0,False,False,True,11.386086234209158,0.20470236579084222
ORDB01938,2018-03-27,10:42:15,Breakfast,"[('Cereal', 3), ('Pancake', 10)]",305.5,-37.817055,144.9856924,0,9.41,11.4635473,False,0,False,False,True,11.780222789375532,-0.31667548937553214
ORDI02181,2018-11-15,18:28:43,Dinner,"[('Pasta', 9), ('Shrimp', 2)]",355.5,-37.8238251,144.9592967,0,9.96,15.8811608,False,2,False,True,False,16.139905865830844,-0.2587450658308441
ORDI02622,2018-06-14,13:24:30,Lunch,"[('Salad', 7), ('Chicken', 6), ('Fries', 5)]",372.4,-37.8225768,144.9719802,0,9.113,14.5558448,False,1,False,True,False,14.574485207745617,-0.01864040774561815
ORDZ10383,2018-05-21,12:33:48,Lunch,"[('Chicken', 10), ('Burger', 10), ('Salad', 5), ('Fries', 1)]",728.0,-37.798968,144.9629597,0,6.928,12.1134264,False,1,False,True,False,12.519143028656051,-0.4057166286560516
ORDC07010,2018-11-27,18:59:09,Dinner,"[('Fish&Chips', 2), ('Salmon', 3), ('Shrimp', 2), ('Pasta', 4)]",411.0,-37.818696,144.9829558,0,9.0,15.2496667,False,2,False,True,False,15.236872231082108,0.012794468917892488
ORDJ07820,2018-02-23,09:41:24,Breakfast,"[('Pancake', 5), ('Cereal', 3)]",184.25,-37.8064176,144.9324749,0,10.966,13.2704558,False,0,False,False,True,13.243889805697437,0.026565994302563567
ORDC01816,2018-06-07,13:14:21,Lunch,"[('Salad', 9), ('Chicken', 10), ('Steak', 1), ('Burger', 1)]",550.8,-37.8036744,144.9493033,0,8.481,13.9957856,False,1,False,True,False,13.979988064869367,0.015797535130632312
ORDB04554,2018-04-17,11:22:49,Breakfast,"[('Eggs', 7), ('Cereal', 5), ('Coffee', 1)]",266.5,-37.8114807,144.9530328,0,8.986,11.671896,False,0,False,False,True,11.381382934028174,0.290513065971826
ORDC08556,2018-06-02,13:04:13,Lunch,"[('Fries', 10), ('Steak', 9)]",525.0,-37.8177259,144.9662799,0,8.413,15.9746041,True,1,False,True,False,15.984922083606897,-0.010317983606896064
ORDZ10081,2018-05-30,12:54:05,Lunch,"[('Fries', 2), ('Steak', 3), ('Burger', 8), ('Salad', 7), ('Chicken', 8)]",783.4,-37.809416,144.9894544,0,8.484,14.6363045,False,1,False,True,False,13.982810044977958,0.6534944550220416
